phase,iteration,route,url,http_code,ttfb,total,size_download,effective_url
"first_after_cr",1,"/","https://carlsonschool.ddev.site/",200,4.099563,4.103642,331756,https://carlsonschool.ddev.site/
"first_after_cr",1,"/executive-education/courses","https://carlsonschool.ddev.site/executive-education/courses",200,3.054056,3.059154,340244,https://carlsonschool.ddev.site/executive-education/courses
"first_after_cr",1,"/graduate/mba/full-time","https://carlsonschool.ddev.site/graduate/mba/full-time",200,3.038596,3.048127,428277,https://carlsonschool.ddev.site/graduate/mba/full-time
"first_after_cr",1,"/graduate","https://carlsonschool.ddev.site/graduate",200,2.754013,2.764919,405550,https://carlsonschool.ddev.site/graduate
"first_after_cr",1,"/news","https://carlsonschool.ddev.site/news",200,3.054094,3.060492,311392,https://carlsonschool.ddev.site/news
"first_after_cr",1,"/faculty-research/directory-tenured-tenure-track","https://carlsonschool.ddev.site/faculty-research/directory-tenured-tenure-track",200,2.506502,2.513495,322568,https://carlsonschool.ddev.site/faculty-research/directory-tenured-tenure-track
"first_after_cr",1,"/alumni/events","https://carlsonschool.ddev.site/alumni/events",200,2.388007,2.396147,320894,https://carlsonschool.ddev.site/alumni/events
"first_after_cr",1,"/executive-education","https://carlsonschool.ddev.site/executive-education",200,2.379502,2.385282,320251,https://carlsonschool.ddev.site/executive-education
"first_after_cr",1,"/executive-education/courses/emerging-leaders-bootcamp","https://carlsonschool.ddev.site/executive-education/courses/emerging-leaders-bootcamp",200,2.486792,2.558774,362877,https://carlsonschool.ddev.site/executive-education/courses/emerging-leaders-bootcamp
"first_after_cr",1,"/graduate/resources/what-value-mba-or-masters-degree","https://carlsonschool.ddev.site/graduate/resources/what-value-mba-or-masters-degree",200,0.429154,0.435498,327655,https://carlsonschool.ddev.site/graduate/resources/what-value-mba-or-masters-degree
"first_after_cr",1,"/about","https://carlsonschool.ddev.site/about",200,2.036990,2.043388,325662,https://carlsonschool.ddev.site/about
"first_after_cr",1,"/faculty/bella-yeolim-yoon","https://carlsonschool.ddev.site/faculty/bella-yeolim-yoon",200,0.261556,0.266894,302156,https://carlsonschool.ddev.site/faculty/bella-yeolim-yoon
"first_after_cr",1,"/faculty-research/gary-s-holmes-center-entrepreneurship/blog/broshar","https://carlsonschool.ddev.site/faculty-research/gary-s-holmes-center-entrepreneurship/blog/broshar",200,0.245944,0.250803,304276,https://carlsonschool.ddev.site/faculty-research/gary-s-holmes-center-entrepreneurship/blog/broshar
"first_after_cr",1,"/person/richele-butler","https://carlsonschool.ddev.site/person/richele-butler",200,0.207626,0.213784,293573,https://carlsonschool.ddev.site/person/richele-butler
"first_after_cr",1,"/node/107586","https://carlsonschool.ddev.site/node/107586",200,0.440632,0.446855,289595,https://carlsonschool.ddev.site/node/107586
"first_after_cr",1,"/events/20260508-finance-seminar-alexandre-corhay-university-toronto","https://carlsonschool.ddev.site/events/20260508-finance-seminar-alexandre-corhay-university-toronto",200,0.240977,0.248487,300359,https://carlsonschool.ddev.site/events/20260508-finance-seminar-alexandre-corhay-university-toronto
"first_after_cr",1,"/education-abroad/programs/i-core-gold-block-prague","https://carlsonschool.ddev.site/education-abroad/programs/i-core-gold-block-prague",200,0.519050,0.526149,341424,https://carlsonschool.ddev.site/education-abroad/programs/i-core-gold-block-prague
"first_after_cr",1,"/faculty-research/institute-research-marketing/newsletter","https://carlsonschool.ddev.site/faculty-research/institute-research-marketing/newsletter",200,0.301233,0.310154,297023,https://carlsonschool.ddev.site/faculty-research/institute-research-marketing/newsletter
"first_after_cr",1,"/conferences/hr-tomorrow/speakers","https://carlsonschool.ddev.site/conferences/hr-tomorrow/speakers",200,0.511437,0.521907,333187,https://carlsonschool.ddev.site/conferences/hr-tomorrow/speakers
"first_after_cr",1,"/node/129326","https://carlsonschool.ddev.site/node/129326",200,0.406558,0.414141,293497,https://carlsonschool.ddev.site/node/129326
"first_after_cr",1,"/em/msmk/i-fit","https://carlsonschool.ddev.site/em/msmk/i-fit",200,0.282038,0.287948,301496,https://carlsonschool.ddev.site/em/msmk/i-fit
"first_after_cr",1,"/alumni/events/1st-tuesday","https://carlsonschool.ddev.site/alumni/events/1st-tuesday",200,2.550580,2.560864,334300,https://carlsonschool.ddev.site/alumni/events/1st-tuesday
"first_after_cr",1,"/discovery/fall-2021","https://carlsonschool.ddev.site/discovery/fall-2021",200,0.602380,0.610592,313079,https://carlsonschool.ddev.site/discovery/fall-2021
"first_after_cr",1,"/node/118271","https://carlsonschool.ddev.site/node/118271",200,2.484553,2.491294,323286,https://carlsonschool.ddev.site/undergraduate/majors-minors/accounting/plan
"first_after_cr",1,"/give","https://carlsonschool.ddev.site/give",200,2.305524,2.311206,320362,https://carlsonschool.ddev.site/give
"first_after_cr",1,"/graduate/resources/find-degree","https://carlsonschool.ddev.site/graduate/resources/find-degree",200,2.129130,2.135365,349989,https://carlsonschool.ddev.site/graduate/resources/find-degree
"first_after_cr",1,"/conferences/convene/convene-conference-schedule/Payment_Reimbursement","https://carlsonschool.ddev.site/conferences/convene/convene-conference-schedule/Payment_Reimbursement",200,0.212046,0.220116,290415,https://carlsonschool.ddev.site/conferences/convene/convene-conference-schedule/Payment_Reimbursement
"warm_same_url",1,"/","https://carlsonschool.ddev.site/",200,0.022426,0.027825,331756,https://carlsonschool.ddev.site/
"warm_same_url",1,"/executive-education/courses","https://carlsonschool.ddev.site/executive-education/courses",200,0.039694,0.048473,340244,https://carlsonschool.ddev.site/executive-education/courses
"warm_same_url",1,"/graduate/mba/full-time","https://carlsonschool.ddev.site/graduate/mba/full-time",200,0.022612,0.033369,428277,https://carlsonschool.ddev.site/graduate/mba/full-time
"warm_same_url",1,"/graduate","https://carlsonschool.ddev.site/graduate",200,0.021873,0.029313,405550,https://carlsonschool.ddev.site/graduate
"warm_same_url",1,"/news","https://carlsonschool.ddev.site/news",200,0.214477,0.222988,311392,https://carlsonschool.ddev.site/news
"warm_same_url",1,"/faculty-research/directory-tenured-tenure-track","https://carlsonschool.ddev.site/faculty-research/directory-tenured-tenure-track",200,0.023658,0.029222,322568,https://carlsonschool.ddev.site/faculty-research/directory-tenured-tenure-track
"warm_same_url",1,"/alumni/events","https://carlsonschool.ddev.site/alumni/events",200,0.021524,0.027826,320894,https://carlsonschool.ddev.site/alumni/events
"warm_same_url",1,"/executive-education","https://carlsonschool.ddev.site/executive-education",200,0.023219,0.028879,320251,https://carlsonschool.ddev.site/executive-education
"warm_same_url",1,"/executive-education/courses/emerging-leaders-bootcamp","https://carlsonschool.ddev.site/executive-education/courses/emerging-leaders-bootcamp",200,0.022381,0.028453,362877,https://carlsonschool.ddev.site/executive-education/courses/emerging-leaders-bootcamp
"warm_same_url",1,"/graduate/resources/what-value-mba-or-masters-degree","https://carlsonschool.ddev.site/graduate/resources/what-value-mba-or-masters-degree",200,0.022129,0.027901,327655,https://carlsonschool.ddev.site/graduate/resources/what-value-mba-or-masters-degree
"warm_same_url",1,"/about","https://carlsonschool.ddev.site/about",200,0.021903,0.026895,325662,https://carlsonschool.ddev.site/about
"warm_same_url",1,"/faculty/bella-yeolim-yoon","https://carlsonschool.ddev.site/faculty/bella-yeolim-yoon",200,0.022688,0.028332,302156,https://carlsonschool.ddev.site/faculty/bella-yeolim-yoon
"warm_same_url",1,"/faculty-research/gary-s-holmes-center-entrepreneurship/blog/broshar","https://carlsonschool.ddev.site/faculty-research/gary-s-holmes-center-entrepreneurship/blog/broshar",200,0.021990,0.027274,304276,https://carlsonschool.ddev.site/faculty-research/gary-s-holmes-center-entrepreneurship/blog/broshar
"warm_same_url",1,"/person/richele-butler","https://carlsonschool.ddev.site/person/richele-butler",200,0.021689,0.026853,293573,https://carlsonschool.ddev.site/person/richele-butler
"warm_same_url",1,"/node/107586","https://carlsonschool.ddev.site/node/107586",200,0.021669,0.026713,289595,https://carlsonschool.ddev.site/node/107586
"warm_same_url",1,"/events/20260508-finance-seminar-alexandre-corhay-university-toronto","https://carlsonschool.ddev.site/events/20260508-finance-seminar-alexandre-corhay-university-toronto",200,0.021819,0.027359,300359,https://carlsonschool.ddev.site/events/20260508-finance-seminar-alexandre-corhay-university-toronto
"warm_same_url",1,"/education-abroad/programs/i-core-gold-block-prague","https://carlsonschool.ddev.site/education-abroad/programs/i-core-gold-block-prague",200,0.022724,0.028053,341424,https://carlsonschool.ddev.site/education-abroad/programs/i-core-gold-block-prague
"warm_same_url",1,"/faculty-research/institute-research-marketing/newsletter","https://carlsonschool.ddev.site/faculty-research/institute-research-marketing/newsletter",200,0.022102,0.027365,297023,https://carlsonschool.ddev.site/faculty-research/institute-research-marketing/newsletter
"warm_same_url",1,"/conferences/hr-tomorrow/speakers","https://carlsonschool.ddev.site/conferences/hr-tomorrow/speakers",200,0.021129,0.027147,333187,https://carlsonschool.ddev.site/conferences/hr-tomorrow/speakers
"warm_same_url",1,"/node/129326","https://carlsonschool.ddev.site/node/129326",200,0.023435,0.028728,293497,https://carlsonschool.ddev.site/node/129326
"warm_same_url",1,"/em/msmk/i-fit","https://carlsonschool.ddev.site/em/msmk/i-fit",200,0.023094,0.028229,301496,https://carlsonschool.ddev.site/em/msmk/i-fit
"warm_same_url",1,"/alumni/events/1st-tuesday","https://carlsonschool.ddev.site/alumni/events/1st-tuesday",200,0.021371,0.027506,334300,https://carlsonschool.ddev.site/alumni/events/1st-tuesday
"warm_same_url",1,"/discovery/fall-2021","https://carlsonschool.ddev.site/discovery/fall-2021",200,0.021302,0.026199,313079,https://carlsonschool.ddev.site/discovery/fall-2021
"warm_same_url",1,"/node/118271","https://carlsonschool.ddev.site/node/118271",200,0.034989,0.042101,323286,https://carlsonschool.ddev.site/undergraduate/majors-minors/accounting/plan
"warm_same_url",1,"/give","https://carlsonschool.ddev.site/give",200,0.022904,0.028380,320362,https://carlsonschool.ddev.site/give
"warm_same_url",1,"/graduate/resources/find-degree","https://carlsonschool.ddev.site/graduate/resources/find-degree",200,0.036433,0.049254,349989,https://carlsonschool.ddev.site/graduate/resources/find-degree
"warm_same_url",1,"/conferences/convene/convene-conference-schedule/Payment_Reimbursement","https://carlsonschool.ddev.site/conferences/convene/convene-conference-schedule/Payment_Reimbursement",200,0.024823,0.030168,290415,https://carlsonschool.ddev.site/conferences/convene/convene-conference-schedule/Payment_Reimbursement
"warm_same_url",2,"/","https://carlsonschool.ddev.site/",200,0.023645,0.030477,331756,https://carlsonschool.ddev.site/
"warm_same_url",2,"/executive-education/courses","https://carlsonschool.ddev.site/executive-education/courses",200,0.021284,0.027412,340244,https://carlsonschool.ddev.site/executive-education/courses
"warm_same_url",2,"/graduate/mba/full-time","https://carlsonschool.ddev.site/graduate/mba/full-time",200,0.020914,0.028692,428277,https://carlsonschool.ddev.site/graduate/mba/full-time
"warm_same_url",2,"/graduate","https://carlsonschool.ddev.site/graduate",200,0.020582,0.026549,405550,https://carlsonschool.ddev.site/graduate
"warm_same_url",2,"/news","https://carlsonschool.ddev.site/news",200,0.251473,0.257277,311392,https://carlsonschool.ddev.site/news
"warm_same_url",2,"/faculty-research/directory-tenured-tenure-track","https://carlsonschool.ddev.site/faculty-research/directory-tenured-tenure-track",200,0.022325,0.027986,322568,https://carlsonschool.ddev.site/faculty-research/directory-tenured-tenure-track
"warm_same_url",2,"/alumni/events","https://carlsonschool.ddev.site/alumni/events",200,0.024056,0.030009,320894,https://carlsonschool.ddev.site/alumni/events
"warm_same_url",2,"/executive-education","https://carlsonschool.ddev.site/executive-education",200,0.020609,0.026244,320251,https://carlsonschool.ddev.site/executive-education
"warm_same_url",2,"/executive-education/courses/emerging-leaders-bootcamp","https://carlsonschool.ddev.site/executive-education/courses/emerging-leaders-bootcamp",200,0.022986,0.030744,362877,https://carlsonschool.ddev.site/executive-education/courses/emerging-leaders-bootcamp
"warm_same_url",2,"/graduate/resources/what-value-mba-or-masters-degree","https://carlsonschool.ddev.site/graduate/resources/what-value-mba-or-masters-degree",200,0.023444,0.029006,327655,https://carlsonschool.ddev.site/graduate/resources/what-value-mba-or-masters-degree
"warm_same_url",2,"/about","https://carlsonschool.ddev.site/about",200,0.022404,0.028130,325662,https://carlsonschool.ddev.site/about
"warm_same_url",2,"/faculty/bella-yeolim-yoon","https://carlsonschool.ddev.site/faculty/bella-yeolim-yoon",200,0.021262,0.026695,302156,https://carlsonschool.ddev.site/faculty/bella-yeolim-yoon
"warm_same_url",2,"/faculty-research/gary-s-holmes-center-entrepreneurship/blog/broshar","https://carlsonschool.ddev.site/faculty-research/gary-s-holmes-center-entrepreneurship/blog/broshar",200,0.085765,0.093581,304276,https://carlsonschool.ddev.site/faculty-research/gary-s-holmes-center-entrepreneurship/blog/broshar
"warm_same_url",2,"/person/richele-butler","https://carlsonschool.ddev.site/person/richele-butler",200,0.021734,0.026981,293573,https://carlsonschool.ddev.site/person/richele-butler
"warm_same_url",2,"/node/107586","https://carlsonschool.ddev.site/node/107586",200,0.023003,0.029378,289595,https://carlsonschool.ddev.site/node/107586
"warm_same_url",2,"/events/20260508-finance-seminar-alexandre-corhay-university-toronto","https://carlsonschool.ddev.site/events/20260508-finance-seminar-alexandre-corhay-university-toronto",200,0.023049,0.029593,300359,https://carlsonschool.ddev.site/events/20260508-finance-seminar-alexandre-corhay-university-toronto
"warm_same_url",2,"/education-abroad/programs/i-core-gold-block-prague","https://carlsonschool.ddev.site/education-abroad/programs/i-core-gold-block-prague",200,0.022876,0.028187,341424,https://carlsonschool.ddev.site/education-abroad/programs/i-core-gold-block-prague
"warm_same_url",2,"/faculty-research/institute-research-marketing/newsletter","https://carlsonschool.ddev.site/faculty-research/institute-research-marketing/newsletter",200,0.021626,0.026903,297023,https://carlsonschool.ddev.site/faculty-research/institute-research-marketing/newsletter
"warm_same_url",2,"/conferences/hr-tomorrow/speakers","https://carlsonschool.ddev.site/conferences/hr-tomorrow/speakers",200,0.021785,0.027741,333187,https://carlsonschool.ddev.site/conferences/hr-tomorrow/speakers
"warm_same_url",2,"/node/129326","https://carlsonschool.ddev.site/node/129326",200,0.021962,0.026834,293497,https://carlsonschool.ddev.site/node/129326
"warm_same_url",2,"/em/msmk/i-fit","https://carlsonschool.ddev.site/em/msmk/i-fit",200,0.023360,0.028383,301496,https://carlsonschool.ddev.site/em/msmk/i-fit
"warm_same_url",2,"/alumni/events/1st-tuesday","https://carlsonschool.ddev.site/alumni/events/1st-tuesday",200,0.024173,0.030217,334300,https://carlsonschool.ddev.site/alumni/events/1st-tuesday
"warm_same_url",2,"/discovery/fall-2021","https://carlsonschool.ddev.site/discovery/fall-2021",200,0.027797,0.033008,313079,https://carlsonschool.ddev.site/discovery/fall-2021
"warm_same_url",2,"/node/118271","https://carlsonschool.ddev.site/node/118271",200,0.036689,0.042714,323286,https://carlsonschool.ddev.site/undergraduate/majors-minors/accounting/plan
"warm_same_url",2,"/give","https://carlsonschool.ddev.site/give",200,0.020437,0.025838,320362,https://carlsonschool.ddev.site/give
"warm_same_url",2,"/graduate/resources/find-degree","https://carlsonschool.ddev.site/graduate/resources/find-degree",200,0.020797,0.027115,349989,https://carlsonschool.ddev.site/graduate/resources/find-degree
"warm_same_url",2,"/conferences/convene/convene-conference-schedule/Payment_Reimbursement","https://carlsonschool.ddev.site/conferences/convene/convene-conference-schedule/Payment_Reimbursement",200,0.021540,0.027227,290415,https://carlsonschool.ddev.site/conferences/convene/convene-conference-schedule/Payment_Reimbursement
"warm_same_url",3,"/","https://carlsonschool.ddev.site/",200,0.022445,0.028602,331756,https://carlsonschool.ddev.site/
"warm_same_url",3,"/executive-education/courses","https://carlsonschool.ddev.site/executive-education/courses",200,0.025741,0.031782,340244,https://carlsonschool.ddev.site/executive-education/courses
"warm_same_url",3,"/graduate/mba/full-time","https://carlsonschool.ddev.site/graduate/mba/full-time",200,0.059169,0.080762,428277,https://carlsonschool.ddev.site/graduate/mba/full-time
"warm_same_url",3,"/graduate","https://carlsonschool.ddev.site/graduate",200,0.034109,0.042914,405550,https://carlsonschool.ddev.site/graduate
"warm_same_url",3,"/news","https://carlsonschool.ddev.site/news",200,0.204015,0.210061,311392,https://carlsonschool.ddev.site/news
"warm_same_url",3,"/faculty-research/directory-tenured-tenure-track","https://carlsonschool.ddev.site/faculty-research/directory-tenured-tenure-track",200,0.024033,0.029957,322568,https://carlsonschool.ddev.site/faculty-research/directory-tenured-tenure-track
"warm_same_url",3,"/alumni/events","https://carlsonschool.ddev.site/alumni/events",200,0.021461,0.027061,320894,https://carlsonschool.ddev.site/alumni/events
"warm_same_url",3,"/executive-education","https://carlsonschool.ddev.site/executive-education",200,0.020650,0.025752,320251,https://carlsonschool.ddev.site/executive-education
"warm_same_url",3,"/executive-education/courses/emerging-leaders-bootcamp","https://carlsonschool.ddev.site/executive-education/courses/emerging-leaders-bootcamp",200,0.022794,0.028797,362877,https://carlsonschool.ddev.site/executive-education/courses/emerging-leaders-bootcamp
"warm_same_url",3,"/graduate/resources/what-value-mba-or-masters-degree","https://carlsonschool.ddev.site/graduate/resources/what-value-mba-or-masters-degree",200,0.022856,0.028541,327655,https://carlsonschool.ddev.site/graduate/resources/what-value-mba-or-masters-degree
"warm_same_url",3,"/about","https://carlsonschool.ddev.site/about",200,0.023150,0.028324,325662,https://carlsonschool.ddev.site/about
"warm_same_url",3,"/faculty/bella-yeolim-yoon","https://carlsonschool.ddev.site/faculty/bella-yeolim-yoon",200,0.022041,0.027098,302156,https://carlsonschool.ddev.site/faculty/bella-yeolim-yoon
"warm_same_url",3,"/faculty-research/gary-s-holmes-center-entrepreneurship/blog/broshar","https://carlsonschool.ddev.site/faculty-research/gary-s-holmes-center-entrepreneurship/blog/broshar",200,0.021890,0.027277,304276,https://carlsonschool.ddev.site/faculty-research/gary-s-holmes-center-entrepreneurship/blog/broshar
"warm_same_url",3,"/person/richele-butler","https://carlsonschool.ddev.site/person/richele-butler",200,0.022612,0.027936,293573,https://carlsonschool.ddev.site/person/richele-butler
"warm_same_url",3,"/node/107586","https://carlsonschool.ddev.site/node/107586",200,0.023050,0.027925,289595,https://carlsonschool.ddev.site/node/107586
"warm_same_url",3,"/events/20260508-finance-seminar-alexandre-corhay-university-toronto","https://carlsonschool.ddev.site/events/20260508-finance-seminar-alexandre-corhay-university-toronto",200,0.022117,0.073020,300359,https://carlsonschool.ddev.site/events/20260508-finance-seminar-alexandre-corhay-university-toronto
"warm_same_url",3,"/education-abroad/programs/i-core-gold-block-prague","https://carlsonschool.ddev.site/education-abroad/programs/i-core-gold-block-prague",200,0.022459,0.028173,341424,https://carlsonschool.ddev.site/education-abroad/programs/i-core-gold-block-prague
"warm_same_url",3,"/faculty-research/institute-research-marketing/newsletter","https://carlsonschool.ddev.site/faculty-research/institute-research-marketing/newsletter",200,0.020465,0.025726,297023,https://carlsonschool.ddev.site/faculty-research/institute-research-marketing/newsletter
"warm_same_url",3,"/conferences/hr-tomorrow/speakers","https://carlsonschool.ddev.site/conferences/hr-tomorrow/speakers",200,0.020222,0.026419,333187,https://carlsonschool.ddev.site/conferences/hr-tomorrow/speakers
"warm_same_url",3,"/node/129326","https://carlsonschool.ddev.site/node/129326",200,0.020357,0.025301,293497,https://carlsonschool.ddev.site/node/129326
"warm_same_url",3,"/em/msmk/i-fit","https://carlsonschool.ddev.site/em/msmk/i-fit",200,0.021307,0.027230,301496,https://carlsonschool.ddev.site/em/msmk/i-fit
"warm_same_url",3,"/alumni/events/1st-tuesday","https://carlsonschool.ddev.site/alumni/events/1st-tuesday",200,0.020541,0.026590,334300,https://carlsonschool.ddev.site/alumni/events/1st-tuesday
"warm_same_url",3,"/discovery/fall-2021","https://carlsonschool.ddev.site/discovery/fall-2021",200,0.019969,0.025454,313079,https://carlsonschool.ddev.site/discovery/fall-2021
"warm_same_url",3,"/node/118271","https://carlsonschool.ddev.site/node/118271",200,0.040951,0.051189,323286,https://carlsonschool.ddev.site/undergraduate/majors-minors/accounting/plan
"warm_same_url",3,"/give","https://carlsonschool.ddev.site/give",200,0.022692,0.029131,320362,https://carlsonschool.ddev.site/give
"warm_same_url",3,"/graduate/resources/find-degree","https://carlsonschool.ddev.site/graduate/resources/find-degree",200,0.022532,0.029316,349989,https://carlsonschool.ddev.site/graduate/resources/find-degree
"warm_same_url",3,"/conferences/convene/convene-conference-schedule/Payment_Reimbursement","https://carlsonschool.ddev.site/conferences/convene/convene-conference-schedule/Payment_Reimbursement",200,0.022969,0.028119,290415,https://carlsonschool.ddev.site/conferences/convene/convene-conference-schedule/Payment_Reimbursement
"warm_same_url",4,"/","https://carlsonschool.ddev.site/",200,0.024478,0.030313,331756,https://carlsonschool.ddev.site/
"warm_same_url",4,"/executive-education/courses","https://carlsonschool.ddev.site/executive-education/courses",200,0.022890,0.029670,340244,https://carlsonschool.ddev.site/executive-education/courses
"warm_same_url",4,"/graduate/mba/full-time","https://carlsonschool.ddev.site/graduate/mba/full-time",200,0.023935,0.034020,428277,https://carlsonschool.ddev.site/graduate/mba/full-time
"warm_same_url",4,"/graduate","https://carlsonschool.ddev.site/graduate",200,0.040405,0.047489,405550,https://carlsonschool.ddev.site/graduate
"warm_same_url",4,"/news","https://carlsonschool.ddev.site/news",200,0.203101,0.210226,311392,https://carlsonschool.ddev.site/news
"warm_same_url",4,"/faculty-research/directory-tenured-tenure-track","https://carlsonschool.ddev.site/faculty-research/directory-tenured-tenure-track",200,0.024206,0.030815,322568,https://carlsonschool.ddev.site/faculty-research/directory-tenured-tenure-track
"warm_same_url",4,"/alumni/events","https://carlsonschool.ddev.site/alumni/events",200,0.023601,0.029735,320894,https://carlsonschool.ddev.site/alumni/events
"warm_same_url",4,"/executive-education","https://carlsonschool.ddev.site/executive-education",200,0.022724,0.027901,320251,https://carlsonschool.ddev.site/executive-education
"warm_same_url",4,"/executive-education/courses/emerging-leaders-bootcamp","https://carlsonschool.ddev.site/executive-education/courses/emerging-leaders-bootcamp",200,0.021442,0.027419,362877,https://carlsonschool.ddev.site/executive-education/courses/emerging-leaders-bootcamp
"warm_same_url",4,"/graduate/resources/what-value-mba-or-masters-degree","https://carlsonschool.ddev.site/graduate/resources/what-value-mba-or-masters-degree",200,0.023869,0.030344,327655,https://carlsonschool.ddev.site/graduate/resources/what-value-mba-or-masters-degree
"warm_same_url",4,"/about","https://carlsonschool.ddev.site/about",200,0.022999,0.028673,325662,https://carlsonschool.ddev.site/about
"warm_same_url",4,"/faculty/bella-yeolim-yoon","https://carlsonschool.ddev.site/faculty/bella-yeolim-yoon",200,0.024169,0.029611,302156,https://carlsonschool.ddev.site/faculty/bella-yeolim-yoon
"warm_same_url",4,"/faculty-research/gary-s-holmes-center-entrepreneurship/blog/broshar","https://carlsonschool.ddev.site/faculty-research/gary-s-holmes-center-entrepreneurship/blog/broshar",200,0.023358,0.028515,304276,https://carlsonschool.ddev.site/faculty-research/gary-s-holmes-center-entrepreneurship/blog/broshar
"warm_same_url",4,"/person/richele-butler","https://carlsonschool.ddev.site/person/richele-butler",200,0.023072,0.030023,293573,https://carlsonschool.ddev.site/person/richele-butler
"warm_same_url",4,"/node/107586","https://carlsonschool.ddev.site/node/107586",200,0.022866,0.028362,289595,https://carlsonschool.ddev.site/node/107586
"warm_same_url",4,"/events/20260508-finance-seminar-alexandre-corhay-university-toronto","https://carlsonschool.ddev.site/events/20260508-finance-seminar-alexandre-corhay-university-toronto",200,0.023628,0.028744,300359,https://carlsonschool.ddev.site/events/20260508-finance-seminar-alexandre-corhay-university-toronto
"warm_same_url",4,"/education-abroad/programs/i-core-gold-block-prague","https://carlsonschool.ddev.site/education-abroad/programs/i-core-gold-block-prague",200,0.023984,0.030798,341424,https://carlsonschool.ddev.site/education-abroad/programs/i-core-gold-block-prague
"warm_same_url",4,"/faculty-research/institute-research-marketing/newsletter","https://carlsonschool.ddev.site/faculty-research/institute-research-marketing/newsletter",200,0.021897,0.027361,297023,https://carlsonschool.ddev.site/faculty-research/institute-research-marketing/newsletter
"warm_same_url",4,"/conferences/hr-tomorrow/speakers","https://carlsonschool.ddev.site/conferences/hr-tomorrow/speakers",200,0.021058,0.026408,333187,https://carlsonschool.ddev.site/conferences/hr-tomorrow/speakers
"warm_same_url",4,"/node/129326","https://carlsonschool.ddev.site/node/129326",200,0.020240,0.025064,293497,https://carlsonschool.ddev.site/node/129326
"warm_same_url",4,"/em/msmk/i-fit","https://carlsonschool.ddev.site/em/msmk/i-fit",200,0.020573,0.026164,301496,https://carlsonschool.ddev.site/em/msmk/i-fit
"warm_same_url",4,"/alumni/events/1st-tuesday","https://carlsonschool.ddev.site/alumni/events/1st-tuesday",200,0.020529,0.026645,334300,https://carlsonschool.ddev.site/alumni/events/1st-tuesday
"warm_same_url",4,"/discovery/fall-2021","https://carlsonschool.ddev.site/discovery/fall-2021",200,0.020895,0.025862,313079,https://carlsonschool.ddev.site/discovery/fall-2021
"warm_same_url",4,"/node/118271","https://carlsonschool.ddev.site/node/118271",200,0.038343,0.044824,323286,https://carlsonschool.ddev.site/undergraduate/majors-minors/accounting/plan
"warm_same_url",4,"/give","https://carlsonschool.ddev.site/give",200,0.021667,0.027556,320362,https://carlsonschool.ddev.site/give
"warm_same_url",4,"/graduate/resources/find-degree","https://carlsonschool.ddev.site/graduate/resources/find-degree",200,0.020765,0.026057,349989,https://carlsonschool.ddev.site/graduate/resources/find-degree
"warm_same_url",4,"/conferences/convene/convene-conference-schedule/Payment_Reimbursement","https://carlsonschool.ddev.site/conferences/convene/convene-conference-schedule/Payment_Reimbursement",200,0.019476,0.024275,290415,https://carlsonschool.ddev.site/conferences/convene/convene-conference-schedule/Payment_Reimbursement
"warm_same_url",5,"/","https://carlsonschool.ddev.site/",200,0.020691,0.026027,331756,https://carlsonschool.ddev.site/
"warm_same_url",5,"/executive-education/courses","https://carlsonschool.ddev.site/executive-education/courses",200,0.020559,0.025632,340244,https://carlsonschool.ddev.site/executive-education/courses
"warm_same_url",5,"/graduate/mba/full-time","https://carlsonschool.ddev.site/graduate/mba/full-time",200,0.030633,0.038384,428277,https://carlsonschool.ddev.site/graduate/mba/full-time
"warm_same_url",5,"/graduate","https://carlsonschool.ddev.site/graduate",200,0.020531,0.027988,405550,https://carlsonschool.ddev.site/graduate
"warm_same_url",5,"/news","https://carlsonschool.ddev.site/news",200,0.182793,0.187887,311392,https://carlsonschool.ddev.site/news
"warm_same_url",5,"/faculty-research/directory-tenured-tenure-track","https://carlsonschool.ddev.site/faculty-research/directory-tenured-tenure-track",200,0.022182,0.029088,322568,https://carlsonschool.ddev.site/faculty-research/directory-tenured-tenure-track
"warm_same_url",5,"/alumni/events","https://carlsonschool.ddev.site/alumni/events",200,0.021726,0.027533,320894,https://carlsonschool.ddev.site/alumni/events
"warm_same_url",5,"/executive-education","https://carlsonschool.ddev.site/executive-education",200,0.022735,0.028937,320251,https://carlsonschool.ddev.site/executive-education
"warm_same_url",5,"/executive-education/courses/emerging-leaders-bootcamp","https://carlsonschool.ddev.site/executive-education/courses/emerging-leaders-bootcamp",200,0.021745,0.028208,362877,https://carlsonschool.ddev.site/executive-education/courses/emerging-leaders-bootcamp
"warm_same_url",5,"/graduate/resources/what-value-mba-or-masters-degree","https://carlsonschool.ddev.site/graduate/resources/what-value-mba-or-masters-degree",200,0.021178,0.026904,327655,https://carlsonschool.ddev.site/graduate/resources/what-value-mba-or-masters-degree
"warm_same_url",5,"/about","https://carlsonschool.ddev.site/about",200,0.020564,0.025933,325662,https://carlsonschool.ddev.site/about
"warm_same_url",5,"/faculty/bella-yeolim-yoon","https://carlsonschool.ddev.site/faculty/bella-yeolim-yoon",200,0.020533,0.026248,302156,https://carlsonschool.ddev.site/faculty/bella-yeolim-yoon
"warm_same_url",5,"/faculty-research/gary-s-holmes-center-entrepreneurship/blog/broshar","https://carlsonschool.ddev.site/faculty-research/gary-s-holmes-center-entrepreneurship/blog/broshar",200,0.020436,0.025676,304276,https://carlsonschool.ddev.site/faculty-research/gary-s-holmes-center-entrepreneurship/blog/broshar
"warm_same_url",5,"/person/richele-butler","https://carlsonschool.ddev.site/person/richele-butler",200,0.021060,0.026210,293573,https://carlsonschool.ddev.site/person/richele-butler
"warm_same_url",5,"/node/107586","https://carlsonschool.ddev.site/node/107586",200,0.020033,0.025113,289595,https://carlsonschool.ddev.site/node/107586
"warm_same_url",5,"/events/20260508-finance-seminar-alexandre-corhay-university-toronto","https://carlsonschool.ddev.site/events/20260508-finance-seminar-alexandre-corhay-university-toronto",200,0.023450,0.029225,300359,https://carlsonschool.ddev.site/events/20260508-finance-seminar-alexandre-corhay-university-toronto
"warm_same_url",5,"/education-abroad/programs/i-core-gold-block-prague","https://carlsonschool.ddev.site/education-abroad/programs/i-core-gold-block-prague",200,0.020088,0.025552,341424,https://carlsonschool.ddev.site/education-abroad/programs/i-core-gold-block-prague
"warm_same_url",5,"/faculty-research/institute-research-marketing/newsletter","https://carlsonschool.ddev.site/faculty-research/institute-research-marketing/newsletter",200,0.020933,0.025559,297023,https://carlsonschool.ddev.site/faculty-research/institute-research-marketing/newsletter
"warm_same_url",5,"/conferences/hr-tomorrow/speakers","https://carlsonschool.ddev.site/conferences/hr-tomorrow/speakers",200,0.019692,0.024866,333187,https://carlsonschool.ddev.site/conferences/hr-tomorrow/speakers
"warm_same_url",5,"/node/129326","https://carlsonschool.ddev.site/node/129326",200,0.019488,0.024119,293497,https://carlsonschool.ddev.site/node/129326
"warm_same_url",5,"/em/msmk/i-fit","https://carlsonschool.ddev.site/em/msmk/i-fit",200,0.020907,0.027397,301496,https://carlsonschool.ddev.site/em/msmk/i-fit
"warm_same_url",5,"/alumni/events/1st-tuesday","https://carlsonschool.ddev.site/alumni/events/1st-tuesday",200,0.025397,0.034194,334300,https://carlsonschool.ddev.site/alumni/events/1st-tuesday
"warm_same_url",5,"/discovery/fall-2021","https://carlsonschool.ddev.site/discovery/fall-2021",200,0.020717,0.025901,313079,https://carlsonschool.ddev.site/discovery/fall-2021
"warm_same_url",5,"/node/118271","https://carlsonschool.ddev.site/node/118271",200,0.032615,0.038019,323286,https://carlsonschool.ddev.site/undergraduate/majors-minors/accounting/plan
"warm_same_url",5,"/give","https://carlsonschool.ddev.site/give",200,0.019806,0.025911,320362,https://carlsonschool.ddev.site/give
"warm_same_url",5,"/graduate/resources/find-degree","https://carlsonschool.ddev.site/graduate/resources/find-degree",200,0.020104,0.026275,349989,https://carlsonschool.ddev.site/graduate/resources/find-degree
"warm_same_url",5,"/conferences/convene/convene-conference-schedule/Payment_Reimbursement","https://carlsonschool.ddev.site/conferences/convene/convene-conference-schedule/Payment_Reimbursement",200,0.020441,0.025766,290415,https://carlsonschool.ddev.site/conferences/convene/convene-conference-schedule/Payment_Reimbursement
"cache_bust",1,"/","https://carlsonschool.ddev.site/?_csm219=1778514385757486000-1",200,0.400141,0.406426,331855,https://carlsonschool.ddev.site/?_csm219=1778514385757486000-1
"cache_bust",1,"/executive-education/courses","https://carlsonschool.ddev.site/executive-education/courses?_csm219=1778514385757486000-1",200,0.145674,0.150893,340257,https://carlsonschool.ddev.site/executive-education/courses?_csm219=1778514385757486000-1
"cache_bust",1,"/graduate/mba/full-time","https://carlsonschool.ddev.site/graduate/mba/full-time?_csm219=1778514385757486000-1",200,0.468653,0.476941,428321,https://carlsonschool.ddev.site/graduate/mba/full-time?_csm219=1778514385757486000-1
"cache_bust",1,"/graduate","https://carlsonschool.ddev.site/graduate?_csm219=1778514385757486000-1",200,0.248730,0.255928,405593,https://carlsonschool.ddev.site/graduate?_csm219=1778514385757486000-1
"cache_bust",1,"/news","https://carlsonschool.ddev.site/news?_csm219=1778514385757486000-1",200,0.209120,0.214548,311503,https://carlsonschool.ddev.site/news?_csm219=1778514385757486000-1
"cache_bust",1,"/faculty-research/directory-tenured-tenure-track","https://carlsonschool.ddev.site/faculty-research/directory-tenured-tenure-track?_csm219=1778514385757486000-1",200,0.109118,0.115546,322623,https://carlsonschool.ddev.site/faculty-research/directory-tenured-tenure-track?_csm219=1778514385757486000-1
"cache_bust",1,"/alumni/events","https://carlsonschool.ddev.site/alumni/events?_csm219=1778514385757486000-1",200,0.301599,0.306870,320907,https://carlsonschool.ddev.site/alumni/events?_csm219=1778514385757486000-1
"cache_bust",1,"/executive-education","https://carlsonschool.ddev.site/executive-education?_csm219=1778514385757486000-1",200,0.077812,0.082841,320264,https://carlsonschool.ddev.site/executive-education?_csm219=1778514385757486000-1
"cache_bust",1,"/executive-education/courses/emerging-leaders-bootcamp","https://carlsonschool.ddev.site/executive-education/courses/emerging-leaders-bootcamp?_csm219=1778514385757486000-1",200,0.080429,0.087705,362928,https://carlsonschool.ddev.site/executive-education/courses/emerging-leaders-bootcamp?_csm219=1778514385757486000-1
"cache_bust",1,"/graduate/resources/what-value-mba-or-masters-degree","https://carlsonschool.ddev.site/graduate/resources/what-value-mba-or-masters-degree?_csm219=1778514385757486000-1",200,0.270816,0.277359,327766,https://carlsonschool.ddev.site/graduate/resources/what-value-mba-or-masters-degree?_csm219=1778514385757486000-1
"cache_bust",1,"/about","https://carlsonschool.ddev.site/about?_csm219=1778514385757486000-1",200,0.093539,0.098958,325645,https://carlsonschool.ddev.site/about?_csm219=1778514385757486000-1
"cache_bust",1,"/faculty/bella-yeolim-yoon","https://carlsonschool.ddev.site/faculty/bella-yeolim-yoon?_csm219=1778514385757486000-1",200,0.073502,0.078261,302207,https://carlsonschool.ddev.site/faculty/bella-yeolim-yoon?_csm219=1778514385757486000-1
"cache_bust",1,"/faculty-research/gary-s-holmes-center-entrepreneurship/blog/broshar","https://carlsonschool.ddev.site/faculty-research/gary-s-holmes-center-entrepreneurship/blog/broshar?_csm219=1778514385757486000-1",200,0.084289,0.090482,304327,https://carlsonschool.ddev.site/faculty-research/gary-s-holmes-center-entrepreneurship/blog/broshar?_csm219=1778514385757486000-1
"cache_bust",1,"/person/richele-butler","https://carlsonschool.ddev.site/person/richele-butler?_csm219=1778514385757486000-1",200,0.104134,0.111007,293624,https://carlsonschool.ddev.site/person/richele-butler?_csm219=1778514385757486000-1
"cache_bust",1,"/node/107586","https://carlsonschool.ddev.site/node/107586?_csm219=1778514385757486000-1",200,0.067431,0.072075,289646,https://carlsonschool.ddev.site/node/107586?_csm219=1778514385757486000-1
"cache_bust",1,"/events/20260508-finance-seminar-alexandre-corhay-university-toronto","https://carlsonschool.ddev.site/events/20260508-finance-seminar-alexandre-corhay-university-toronto?_csm219=1778514385757486000-1",200,0.065912,0.070847,300410,https://carlsonschool.ddev.site/events/20260508-finance-seminar-alexandre-corhay-university-toronto?_csm219=1778514385757486000-1
"cache_bust",1,"/education-abroad/programs/i-core-gold-block-prague","https://carlsonschool.ddev.site/education-abroad/programs/i-core-gold-block-prague?_csm219=1778514385757486000-1",200,0.076682,0.083924,341475,https://carlsonschool.ddev.site/education-abroad/programs/i-core-gold-block-prague?_csm219=1778514385757486000-1
"cache_bust",1,"/faculty-research/institute-research-marketing/newsletter","https://carlsonschool.ddev.site/faculty-research/institute-research-marketing/newsletter?_csm219=1778514385757486000-1",200,0.182670,0.187789,297134,https://carlsonschool.ddev.site/faculty-research/institute-research-marketing/newsletter?_csm219=1778514385757486000-1
"cache_bust",1,"/conferences/hr-tomorrow/speakers","https://carlsonschool.ddev.site/conferences/hr-tomorrow/speakers?_csm219=1778514385757486000-1",200,0.079822,0.087043,333178,https://carlsonschool.ddev.site/conferences/hr-tomorrow/speakers?_csm219=1778514385757486000-1
"cache_bust",1,"/node/129326","https://carlsonschool.ddev.site/node/129326?_csm219=1778514385757486000-1",200,0.107503,0.113705,293548,https://carlsonschool.ddev.site/node/129326?_csm219=1778514385757486000-1
"cache_bust",1,"/em/msmk/i-fit","https://carlsonschool.ddev.site/em/msmk/i-fit?_csm219=1778514385757486000-1",200,0.077831,0.083423,301547,https://carlsonschool.ddev.site/em/msmk/i-fit?_csm219=1778514385757486000-1
"cache_bust",1,"/alumni/events/1st-tuesday","https://carlsonschool.ddev.site/alumni/events/1st-tuesday?_csm219=1778514385757486000-1",200,0.094444,0.101741,334283,https://carlsonschool.ddev.site/alumni/events/1st-tuesday?_csm219=1778514385757486000-1
"cache_bust",1,"/discovery/fall-2021","https://carlsonschool.ddev.site/discovery/fall-2021?_csm219=1778514385757486000-1",200,0.274546,0.280770,313160,https://carlsonschool.ddev.site/discovery/fall-2021?_csm219=1778514385757486000-1
"cache_bust",1,"/node/118271","https://carlsonschool.ddev.site/node/118271?_csm219=1778514385757486000-1",200,0.118741,0.125261,323337,https://carlsonschool.ddev.site/undergraduate/majors-minors/accounting/plan?_csm219=1778514385757486000-1
"cache_bust",1,"/give","https://carlsonschool.ddev.site/give?_csm219=1778514385757486000-1",200,0.083548,0.090372,320315,https://carlsonschool.ddev.site/give?_csm219=1778514385757486000-1
"cache_bust",1,"/graduate/resources/find-degree","https://carlsonschool.ddev.site/graduate/resources/find-degree?_csm219=1778514385757486000-1",200,0.289340,0.296937,350070,https://carlsonschool.ddev.site/graduate/resources/find-degree?_csm219=1778514385757486000-1
"cache_bust",1,"/conferences/convene/convene-conference-schedule/Payment_Reimbursement","https://carlsonschool.ddev.site/conferences/convene/convene-conference-schedule/Payment_Reimbursement?_csm219=1778514385757486000-1",200,0.074465,0.080592,290466,https://carlsonschool.ddev.site/conferences/convene/convene-conference-schedule/Payment_Reimbursement?_csm219=1778514385757486000-1
"cache_bust",2,"/","https://carlsonschool.ddev.site/?_csm219=1778514390486594000-2",200,0.308873,0.347257,331800,https://carlsonschool.ddev.site/?_csm219=1778514390486594000-2
"cache_bust",2,"/executive-education/courses","https://carlsonschool.ddev.site/executive-education/courses?_csm219=1778514390486594000-2",200,0.106552,0.113870,340257,https://carlsonschool.ddev.site/executive-education/courses?_csm219=1778514390486594000-2
"cache_bust",2,"/graduate/mba/full-time","https://carlsonschool.ddev.site/graduate/mba/full-time?_csm219=1778514390486594000-2",200,0.477229,0.484492,428321,https://carlsonschool.ddev.site/graduate/mba/full-time?_csm219=1778514390486594000-2
"cache_bust",2,"/graduate","https://carlsonschool.ddev.site/graduate?_csm219=1778514390486594000-2",200,0.283720,0.294328,405593,https://carlsonschool.ddev.site/graduate?_csm219=1778514390486594000-2
"cache_bust",2,"/news","https://carlsonschool.ddev.site/news?_csm219=1778514390486594000-2",200,0.198730,0.206049,311503,https://carlsonschool.ddev.site/news?_csm219=1778514390486594000-2
"cache_bust",2,"/faculty-research/directory-tenured-tenure-track","https://carlsonschool.ddev.site/faculty-research/directory-tenured-tenure-track?_csm219=1778514390486594000-2",200,0.102931,0.108991,322623,https://carlsonschool.ddev.site/faculty-research/directory-tenured-tenure-track?_csm219=1778514390486594000-2
"cache_bust",2,"/alumni/events","https://carlsonschool.ddev.site/alumni/events?_csm219=1778514390486594000-2",200,0.299235,0.304669,320907,https://carlsonschool.ddev.site/alumni/events?_csm219=1778514390486594000-2
"cache_bust",2,"/executive-education","https://carlsonschool.ddev.site/executive-education?_csm219=1778514390486594000-2",200,0.068657,0.074848,320264,https://carlsonschool.ddev.site/executive-education?_csm219=1778514390486594000-2
"cache_bust",2,"/executive-education/courses/emerging-leaders-bootcamp","https://carlsonschool.ddev.site/executive-education/courses/emerging-leaders-bootcamp?_csm219=1778514390486594000-2",200,0.074463,0.083075,362928,https://carlsonschool.ddev.site/executive-education/courses/emerging-leaders-bootcamp?_csm219=1778514390486594000-2
"cache_bust",2,"/graduate/resources/what-value-mba-or-masters-degree","https://carlsonschool.ddev.site/graduate/resources/what-value-mba-or-masters-degree?_csm219=1778514390486594000-2",200,0.241251,0.246912,327766,https://carlsonschool.ddev.site/graduate/resources/what-value-mba-or-masters-degree?_csm219=1778514390486594000-2
"cache_bust",2,"/about","https://carlsonschool.ddev.site/about?_csm219=1778514390486594000-2",200,0.074396,0.079703,325645,https://carlsonschool.ddev.site/about?_csm219=1778514390486594000-2
"cache_bust",2,"/faculty/bella-yeolim-yoon","https://carlsonschool.ddev.site/faculty/bella-yeolim-yoon?_csm219=1778514390486594000-2",200,0.067691,0.073555,302207,https://carlsonschool.ddev.site/faculty/bella-yeolim-yoon?_csm219=1778514390486594000-2
"cache_bust",2,"/faculty-research/gary-s-holmes-center-entrepreneurship/blog/broshar","https://carlsonschool.ddev.site/faculty-research/gary-s-holmes-center-entrepreneurship/blog/broshar?_csm219=1778514390486594000-2",200,0.080987,0.086600,304327,https://carlsonschool.ddev.site/faculty-research/gary-s-holmes-center-entrepreneurship/blog/broshar?_csm219=1778514390486594000-2
"cache_bust",2,"/person/richele-butler","https://carlsonschool.ddev.site/person/richele-butler?_csm219=1778514390486594000-2",200,0.070990,0.076488,293624,https://carlsonschool.ddev.site/person/richele-butler?_csm219=1778514390486594000-2
"cache_bust",2,"/node/107586","https://carlsonschool.ddev.site/node/107586?_csm219=1778514390486594000-2",200,0.064986,0.069882,289646,https://carlsonschool.ddev.site/node/107586?_csm219=1778514390486594000-2
"cache_bust",2,"/events/20260508-finance-seminar-alexandre-corhay-university-toronto","https://carlsonschool.ddev.site/events/20260508-finance-seminar-alexandre-corhay-university-toronto?_csm219=1778514390486594000-2",200,0.065105,0.069949,300410,https://carlsonschool.ddev.site/events/20260508-finance-seminar-alexandre-corhay-university-toronto?_csm219=1778514390486594000-2
"cache_bust",2,"/education-abroad/programs/i-core-gold-block-prague","https://carlsonschool.ddev.site/education-abroad/programs/i-core-gold-block-prague?_csm219=1778514390486594000-2",200,0.075169,0.081025,341475,https://carlsonschool.ddev.site/education-abroad/programs/i-core-gold-block-prague?_csm219=1778514390486594000-2
"cache_bust",2,"/faculty-research/institute-research-marketing/newsletter","https://carlsonschool.ddev.site/faculty-research/institute-research-marketing/newsletter?_csm219=1778514390486594000-2",200,0.183460,0.188573,297134,https://carlsonschool.ddev.site/faculty-research/institute-research-marketing/newsletter?_csm219=1778514390486594000-2
"cache_bust",2,"/conferences/hr-tomorrow/speakers","https://carlsonschool.ddev.site/conferences/hr-tomorrow/speakers?_csm219=1778514390486594000-2",200,0.077104,0.084247,333178,https://carlsonschool.ddev.site/conferences/hr-tomorrow/speakers?_csm219=1778514390486594000-2
"cache_bust",2,"/node/129326","https://carlsonschool.ddev.site/node/129326?_csm219=1778514390486594000-2",200,0.094597,0.101925,293548,https://carlsonschool.ddev.site/node/129326?_csm219=1778514390486594000-2
"cache_bust",2,"/em/msmk/i-fit","https://carlsonschool.ddev.site/em/msmk/i-fit?_csm219=1778514390486594000-2",200,0.080190,0.085695,301547,https://carlsonschool.ddev.site/em/msmk/i-fit?_csm219=1778514390486594000-2
"cache_bust",2,"/alumni/events/1st-tuesday","https://carlsonschool.ddev.site/alumni/events/1st-tuesday?_csm219=1778514390486594000-2",200,0.100879,0.107450,334283,https://carlsonschool.ddev.site/alumni/events/1st-tuesday?_csm219=1778514390486594000-2
"cache_bust",2,"/discovery/fall-2021","https://carlsonschool.ddev.site/discovery/fall-2021?_csm219=1778514390486594000-2",200,0.274914,0.279983,313160,https://carlsonschool.ddev.site/discovery/fall-2021?_csm219=1778514390486594000-2
"cache_bust",2,"/node/118271","https://carlsonschool.ddev.site/node/118271?_csm219=1778514390486594000-2",200,0.126544,0.133510,323337,https://carlsonschool.ddev.site/undergraduate/majors-minors/accounting/plan?_csm219=1778514390486594000-2
"cache_bust",2,"/give","https://carlsonschool.ddev.site/give?_csm219=1778514390486594000-2",200,0.081338,0.087204,320315,https://carlsonschool.ddev.site/give?_csm219=1778514390486594000-2
"cache_bust",2,"/graduate/resources/find-degree","https://carlsonschool.ddev.site/graduate/resources/find-degree?_csm219=1778514390486594000-2",200,0.287905,0.295421,350070,https://carlsonschool.ddev.site/graduate/resources/find-degree?_csm219=1778514390486594000-2
"cache_bust",2,"/conferences/convene/convene-conference-schedule/Payment_Reimbursement","https://carlsonschool.ddev.site/conferences/convene/convene-conference-schedule/Payment_Reimbursement?_csm219=1778514390486594000-2",200,0.073434,0.081127,290466,https://carlsonschool.ddev.site/conferences/convene/convene-conference-schedule/Payment_Reimbursement?_csm219=1778514390486594000-2
"cache_bust",3,"/","https://carlsonschool.ddev.site/?_csm219=1778514395044183000-3",200,0.378255,0.385842,331731,https://carlsonschool.ddev.site/?_csm219=1778514395044183000-3
"cache_bust",3,"/executive-education/courses","https://carlsonschool.ddev.site/executive-education/courses?_csm219=1778514395044183000-3",200,0.158720,0.166034,340257,https://carlsonschool.ddev.site/executive-education/courses?_csm219=1778514395044183000-3
"cache_bust",3,"/graduate/mba/full-time","https://carlsonschool.ddev.site/graduate/mba/full-time?_csm219=1778514395044183000-3",200,0.448154,0.457209,428321,https://carlsonschool.ddev.site/graduate/mba/full-time?_csm219=1778514395044183000-3
"cache_bust",3,"/graduate","https://carlsonschool.ddev.site/graduate?_csm219=1778514395044183000-3",200,0.214222,0.220656,405593,https://carlsonschool.ddev.site/graduate?_csm219=1778514395044183000-3
"cache_bust",3,"/news","https://carlsonschool.ddev.site/news?_csm219=1778514395044183000-3",200,0.179895,0.185768,311503,https://carlsonschool.ddev.site/news?_csm219=1778514395044183000-3
"cache_bust",3,"/faculty-research/directory-tenured-tenure-track","https://carlsonschool.ddev.site/faculty-research/directory-tenured-tenure-track?_csm219=1778514395044183000-3",200,0.103178,0.107260,322623,https://carlsonschool.ddev.site/faculty-research/directory-tenured-tenure-track?_csm219=1778514395044183000-3
"cache_bust",3,"/alumni/events","https://carlsonschool.ddev.site/alumni/events?_csm219=1778514395044183000-3",200,0.291976,0.297762,320907,https://carlsonschool.ddev.site/alumni/events?_csm219=1778514395044183000-3
"cache_bust",3,"/executive-education","https://carlsonschool.ddev.site/executive-education?_csm219=1778514395044183000-3",200,0.080855,0.087667,320264,https://carlsonschool.ddev.site/executive-education?_csm219=1778514395044183000-3
"cache_bust",3,"/executive-education/courses/emerging-leaders-bootcamp","https://carlsonschool.ddev.site/executive-education/courses/emerging-leaders-bootcamp?_csm219=1778514395044183000-3",200,0.097242,0.105238,362928,https://carlsonschool.ddev.site/executive-education/courses/emerging-leaders-bootcamp?_csm219=1778514395044183000-3
"cache_bust",3,"/graduate/resources/what-value-mba-or-masters-degree","https://carlsonschool.ddev.site/graduate/resources/what-value-mba-or-masters-degree?_csm219=1778514395044183000-3",200,0.357868,0.365137,327766,https://carlsonschool.ddev.site/graduate/resources/what-value-mba-or-masters-degree?_csm219=1778514395044183000-3
"cache_bust",3,"/about","https://carlsonschool.ddev.site/about?_csm219=1778514395044183000-3",200,0.120932,0.127208,325645,https://carlsonschool.ddev.site/about?_csm219=1778514395044183000-3
"cache_bust",3,"/faculty/bella-yeolim-yoon","https://carlsonschool.ddev.site/faculty/bella-yeolim-yoon?_csm219=1778514395044183000-3",200,0.076771,0.082254,302207,https://carlsonschool.ddev.site/faculty/bella-yeolim-yoon?_csm219=1778514395044183000-3
"cache_bust",3,"/faculty-research/gary-s-holmes-center-entrepreneurship/blog/broshar","https://carlsonschool.ddev.site/faculty-research/gary-s-holmes-center-entrepreneurship/blog/broshar?_csm219=1778514395044183000-3",200,0.084874,0.090607,304327,https://carlsonschool.ddev.site/faculty-research/gary-s-holmes-center-entrepreneurship/blog/broshar?_csm219=1778514395044183000-3
"cache_bust",3,"/person/richele-butler","https://carlsonschool.ddev.site/person/richele-butler?_csm219=1778514395044183000-3",200,0.095491,0.112200,293624,https://carlsonschool.ddev.site/person/richele-butler?_csm219=1778514395044183000-3
"cache_bust",3,"/node/107586","https://carlsonschool.ddev.site/node/107586?_csm219=1778514395044183000-3",200,0.068695,0.074195,289646,https://carlsonschool.ddev.site/node/107586?_csm219=1778514395044183000-3
"cache_bust",3,"/events/20260508-finance-seminar-alexandre-corhay-university-toronto","https://carlsonschool.ddev.site/events/20260508-finance-seminar-alexandre-corhay-university-toronto?_csm219=1778514395044183000-3",200,0.072614,0.078558,300410,https://carlsonschool.ddev.site/events/20260508-finance-seminar-alexandre-corhay-university-toronto?_csm219=1778514395044183000-3
"cache_bust",3,"/education-abroad/programs/i-core-gold-block-prague","https://carlsonschool.ddev.site/education-abroad/programs/i-core-gold-block-prague?_csm219=1778514395044183000-3",200,0.085837,0.091879,341475,https://carlsonschool.ddev.site/education-abroad/programs/i-core-gold-block-prague?_csm219=1778514395044183000-3
"cache_bust",3,"/faculty-research/institute-research-marketing/newsletter","https://carlsonschool.ddev.site/faculty-research/institute-research-marketing/newsletter?_csm219=1778514395044183000-3",200,0.200169,0.205726,297134,https://carlsonschool.ddev.site/faculty-research/institute-research-marketing/newsletter?_csm219=1778514395044183000-3
"cache_bust",3,"/conferences/hr-tomorrow/speakers","https://carlsonschool.ddev.site/conferences/hr-tomorrow/speakers?_csm219=1778514395044183000-3",200,0.087841,0.093410,333178,https://carlsonschool.ddev.site/conferences/hr-tomorrow/speakers?_csm219=1778514395044183000-3
"cache_bust",3,"/node/129326","https://carlsonschool.ddev.site/node/129326?_csm219=1778514395044183000-3",200,0.068340,0.072882,293548,https://carlsonschool.ddev.site/node/129326?_csm219=1778514395044183000-3
"cache_bust",3,"/em/msmk/i-fit","https://carlsonschool.ddev.site/em/msmk/i-fit?_csm219=1778514395044183000-3",200,0.078999,0.084001,301547,https://carlsonschool.ddev.site/em/msmk/i-fit?_csm219=1778514395044183000-3
"cache_bust",3,"/alumni/events/1st-tuesday","https://carlsonschool.ddev.site/alumni/events/1st-tuesday?_csm219=1778514395044183000-3",200,0.125232,0.132358,334283,https://carlsonschool.ddev.site/alumni/events/1st-tuesday?_csm219=1778514395044183000-3
"cache_bust",3,"/discovery/fall-2021","https://carlsonschool.ddev.site/discovery/fall-2021?_csm219=1778514395044183000-3",200,0.227761,0.234728,313160,https://carlsonschool.ddev.site/discovery/fall-2021?_csm219=1778514395044183000-3
"cache_bust",3,"/node/118271","https://carlsonschool.ddev.site/node/118271?_csm219=1778514395044183000-3",200,0.109168,0.115161,323337,https://carlsonschool.ddev.site/undergraduate/majors-minors/accounting/plan?_csm219=1778514395044183000-3
"cache_bust",3,"/give","https://carlsonschool.ddev.site/give?_csm219=1778514395044183000-3",200,0.072030,0.077519,320315,https://carlsonschool.ddev.site/give?_csm219=1778514395044183000-3
"cache_bust",3,"/graduate/resources/find-degree","https://carlsonschool.ddev.site/graduate/resources/find-degree?_csm219=1778514395044183000-3",200,0.226912,0.234182,350070,https://carlsonschool.ddev.site/graduate/resources/find-degree?_csm219=1778514395044183000-3
"cache_bust",3,"/conferences/convene/convene-conference-schedule/Payment_Reimbursement","https://carlsonschool.ddev.site/conferences/convene/convene-conference-schedule/Payment_Reimbursement?_csm219=1778514395044183000-3",200,0.067253,0.074236,290466,https://carlsonschool.ddev.site/conferences/convene/convene-conference-schedule/Payment_Reimbursement?_csm219=1778514395044183000-3
