title,uri,text,html
"Accounting Empirical Conference Schedule",https://carlsonschool.umn.edu/departments/accounting/events/empirical-conference/schedule,,"<p style=""font-family:'Open Sans', sans-serif;font-size:2em;"">Friday, April 25, 2025&nbsp;</p>"
"Accounting Empirical Conference Schedule",https://carlsonschool.umn.edu/departments/accounting/events/empirical-conference/schedule,,"<p style=""font-family:'Open Sans', sans-serif;font-size:2em;"">Saturday, April 26, 2025</p>"
"Continued Service | Carlson School of Management",https://carlsonschool.umn.edu/news/continued-service,,"<p style=""font-size:2.8em;"">Mahmood Zaidi</p>"
"Continued Service | Carlson School of Management",https://carlsonschool.umn.edu/news/continued-service,,"<p style=""font-size:2.8em;"">Gordon Davis</p>"
"H.B. Fuller Gift Powers International Experience",https://carlsonschool.umn.edu/news/hb-fuller-gift-powers-international-experience,,"<p>There's a huge value in creating global citizens.</p>"
"7 Carlson School Alumni Named among The (Real) Power 50 of 2016",https://carlsonschool.umn.edu/news/7-carlson-school-alumni-named-among-the-real-power-50-2016,,"<p style=""font-size:2.8rem;"">Nina Hale, '99 MBA</p>"
"7 Carlson School Alumni Named among The (Real) Power 50 of 2016",https://carlsonschool.umn.edu/news/7-carlson-school-alumni-named-among-the-real-power-50-2016,,"<p style=""font-size:2.8rem;"">Judy Lysne, 91 MBA</p>"
"7 Carlson School Alumni Named among The (Real) Power 50 of 2016",https://carlsonschool.umn.edu/news/7-carlson-school-alumni-named-among-the-real-power-50-2016,,"<p style=""font-size:2.8rem;"">Joy McBrien, '11 BSB</p>"
"7 Carlson School Alumni Named among The (Real) Power 50 of 2016",https://carlsonschool.umn.edu/news/7-carlson-school-alumni-named-among-the-real-power-50-2016,,"<p style=""font-size:2.8rem;"">Justin Porter, '05 BSB &amp; '11 MBA</p>"
"7 Carlson School Alumni Named among The (Real) Power 50 of 2016",https://carlsonschool.umn.edu/news/7-carlson-school-alumni-named-among-the-real-power-50-2016,,"<p style=""font-size:2.8rem;"">Brendon Schrader, '01 MBA</p>"
"7 Carlson School Alumni Named among The (Real) Power 50 of 2016",https://carlsonschool.umn.edu/news/7-carlson-school-alumni-named-among-the-real-power-50-2016,,"<p style=""font-size:2.8rem;"">Not pictured:&nbsp;</p>"
"7 Carlson School Alumni Named among The (Real) Power 50 of 2016",https://carlsonschool.umn.edu/news/7-carlson-school-alumni-named-among-the-real-power-50-2016,,"<p style=""font-size:2.8rem;"">Matt Frauenshuh, &rsquo;08 MBA&nbsp;</p>"
"7 Carlson School Alumni Named among The (Real) Power 50 of 2016",https://carlsonschool.umn.edu/news/7-carlson-school-alumni-named-among-the-real-power-50-2016,,"<p style=""font-size:2.8rem;"">Brenda Sallstrom, &rsquo;91 MBA</p>"
"Give To The Max Day | Carlson School of Management",https://carlsonschool.umn.edu/news/give-max-day,,"<p style=""font-size:2.8rem;"">$270,000+&nbsp;</p>"
"Give To The Max Day | Carlson School of Management",https://carlsonschool.umn.edu/news/give-max-day,,"<p style=""font-size:2.8rem;"">240&nbsp;</p>"
"Give To The Max Day | Carlson School of Management",https://carlsonschool.umn.edu/news/give-max-day,,"<p style=""font-size:2.8rem;"">$75,000&nbsp;</p>"
"Alumna Gives Back Through Reunions",https://carlsonschool.umn.edu/news/alumna-gives-back-through-reunions,,"<p style=""font-size:2.8rem;"">Winnie Klick Steffenson, &rsquo;02 MBA, is a connector.</p>"
"5 Things I’ve Learned: Catherine Mathis | Carlson School of",https://carlsonschool.umn.edu/news/5-things-learned-catherine-mathis,,"<p style=""font-size:2.8rem;"">Catherine Mathis</p>"
"5 Things I’ve Learned: Catherine Mathis | Carlson School of",https://carlsonschool.umn.edu/news/5-things-learned-catherine-mathis,,"<p style=""font-size:2.8rem;"">1. Be Kind.&nbsp;</p>"
"5 Things I’ve Learned: Catherine Mathis | Carlson School of",https://carlsonschool.umn.edu/news/5-things-learned-catherine-mathis,,"<p style=""font-size:2.8rem;"">2. Know yourself.</p>"
"5 Things I’ve Learned: Catherine Mathis | Carlson School of",https://carlsonschool.umn.edu/news/5-things-learned-catherine-mathis,,"<p style=""font-size:2.8rem;"">3. Develop strong habits of mind, body, and soul.</p>"
"5 Things I’ve Learned: Catherine Mathis | Carlson School of",https://carlsonschool.umn.edu/news/5-things-learned-catherine-mathis,,"<p style=""font-size:2.8rem;"">4. Challenge yourself.</p>"
"5 Things I’ve Learned: Catherine Mathis | Carlson School of",https://carlsonschool.umn.edu/news/5-things-learned-catherine-mathis,,"<p style=""font-size:2.8rem;"">5. Laugh a lot.</p>"
"Centers & Institutes | Carlson School of Management",https://carlsonschool.umn.edu/centers-institutes,,"<p class=""text-align-center"" style=""font-family:'Open Sans', sans-serif;font-size:2em;"">&nbsp;</p>"
"Centers & Institutes | Carlson School of Management",https://carlsonschool.umn.edu/centers-institutes,,"<p class=""text-align-center"" style=""font-family:'Open Sans', sans-serif;font-size:2em;"">&nbsp;</p>"
"3 People, 3 Questions: Fall 2020 | Carlson School of Management",https://carlsonschool.umn.edu/news/3-people-3-questions-fall-2020,,"<p style=""font-size:2.8rem;"">'19 MSBA, Data Scientist</p>"
"3 People, 3 Questions: Fall 2020 | Carlson School of Management",https://carlsonschool.umn.edu/news/3-people-3-questions-fall-2020,,"<p style=""font-size:2.8rem;"">Professor, Supply Chain Operations</p>"
"Daniel Forbes: How media attention shapes investment | Carlson",https://carlsonschool.umn.edu/news/daniel-forbes-how-media-attention-shapes-investment,,"<p>&ldquo; Sometimes attention can really do wonders. &rdquo;</p>"
"5 Thing I've Learned: Jody Gunderson | Carlson School of",https://carlsonschool.umn.edu/news/5-things-ive-learned-jody-gunderson,,"<p style=""font-size:2.8rem;""><strong>Jody Gunderson</strong>&nbsp;<br></br>&rsquo;86 BSB</p>"
"‘Do Something’ | Carlson School of Management",https://carlsonschool.umn.edu/news/do-something,,"<p style=""font-size:2.8rem;"">20 years later, Tom Burnett&rsquo;s legacy lives on.</p>"
"Meaningful Matches | Carlson School of Management",https://carlsonschool.umn.edu/news/meaningful-matches,,"<p style=""font-size:2.8rem;"">Matching gifts amplify alumni donor impact.</p>"
"Executive MBA Events | Carlson School",https://carlsonschool.umn.edu/graduate/mba/executive/events?page=2,,"<p style=""font-family:'Open Sans', sans-serif;font-size:2em;"">Get a glimpse into a Carlson School EMBA class</p>"
"A Force for Leadership | Carlson School of Management",https://carlsonschool.umn.edu/news/force-leadership-making-dream-come-true,,"<p style=""font-size:2.8rem;"">Making a Dream Come True</p>"
"A Force for Leadership | Carlson School of Management",https://carlsonschool.umn.edu/news/force-leadership-making-dream-come-true,,"<p style=""font-size:2.8rem;"">Thoughts on the Hubers Scholarship</p>"
"A Force for Leadership | Carlson School of Management",https://carlsonschool.umn.edu/news/force-leadership-making-dream-come-true,,"<p style=""font-size:2.8rem;""><strong>Evan Dahlseide, BSB Class of 2020</strong></p>"
"Funds Enterprise | Carlson School of Management",https://carlsonschool.umn.edu/experience/experiential-learning/enterprise-programs/funds,,"<p style=""font-family:'Open Sans', sans-serif;font-size:2em;"">Real funds, real students, real results.</p>"
"Military Veterans Initiative Reaches $10 Million Mark | Carlson",https://carlsonschool.umn.edu/news/military-veterans-initiative-reaches-10-million-mark,,"<p style=""font-size:2.8rem;"">Veterans in Class</p>"
"The Impact of Education Abroad on Undergraduate Students",https://carlsonschool.umn.edu/news/impact-of-education-abroad,,"<p style=""font-size:2.8rem;"">Recruiters See Value of Global Education</p>"
"The Impact of Education Abroad on Undergraduate Students",https://carlsonschool.umn.edu/news/impact-of-education-abroad,,"<p style=""font-size:2.8rem;"">One Student&rsquo;s Perspective</p>"
"Retired Senior Lecturer Huchendorf Builds a Legacy | Carlson",https://carlsonschool.umn.edu/news/retired-senior-lecturer-huchendorf-builds-legacy,,"<p style=""font-family:'Open Sans', sans-serif;font-size:2em;"">&nbsp;</p>"
"The Largest Statewide Startup Competition | Carlson School of",https://carlsonschool.umn.edu/mn-cup/current-season,,"<p style=""font-family:'Open Sans', sans-serif;font-size:2em;""><em><strong>Free for Any Entrepreneurs</strong></em></p>"
"The Largest Statewide Startup Competition | Carlson School of",https://carlsonschool.umn.edu/mn-cup/current-season,,"<p style=""font-family:'Open Sans', sans-serif;font-size:2em;""><em><strong>Mentoring</strong></em></p>"
"The Largest Statewide Startup Competition | Carlson School of",https://carlsonschool.umn.edu/mn-cup/current-season,,"<p style=""font-family:'Open Sans', sans-serif;font-size:2em;""><em><strong>Educational Programming</strong></em></p>"
"The Largest Statewide Startup Competition | Carlson School of",https://carlsonschool.umn.edu/mn-cup/current-season,,"<p style=""font-family:'Open Sans', sans-serif;font-size:2em;""><em><strong>Connections</strong></em></p>"
"The Largest Statewide Startup Competition | Carlson School of",https://carlsonschool.umn.edu/mn-cup/current-season,,"<p style=""font-family:'Open Sans', sans-serif;font-size:2em;""><em><strong>Targeted Outreach &amp; Awards</strong></em></p>"
"Carlson's Eleven | Carlson School of Management",https://carlsonschool.umn.edu/news/carlsons-eleven,,"<p style=""font-size:2.8rem;"">Joel Waldfogel</p>"
"Carlson's Eleven | Carlson School of Management",https://carlsonschool.umn.edu/news/carlsons-eleven,,"<p style=""font-size:3.0rem;"">Department of Accounting</p>"
"Carlson's Eleven | Carlson School of Management",https://carlsonschool.umn.edu/news/carlsons-eleven,,"<p style=""font-size:2.8rem;"">Aiyesha Dey</p>"
"Carlson's Eleven | Carlson School of Management",https://carlsonschool.umn.edu/news/carlsons-eleven,,"<p style=""font-size:2.8rem;"">Mozaffar Khan</p>"
"Carlson's Eleven | Carlson School of Management",https://carlsonschool.umn.edu/news/carlsons-eleven,,"<p style=""font-size:2.8rem;"">Dushyantkumar Vyas</p>"
"Carlson's Eleven | Carlson School of Management",https://carlsonschool.umn.edu/news/carlsons-eleven,,"<p style=""font-size:3.0rem;"">Department of Finance</p>"
"Carlson's Eleven | Carlson School of Management",https://carlsonschool.umn.edu/news/carlsons-eleven,,"<p style=""font-size:2.8rem;"">Philip Bond</p>"
"Carlson's Eleven | Carlson School of Management",https://carlsonschool.umn.edu/news/carlsons-eleven,,"<p style=""font-size:3.0rem;"">Department of Information and Decision Sciences</p>"
"Carlson's Eleven | Carlson School of Management",https://carlsonschool.umn.edu/news/carlsons-eleven,,"<p style=""font-size:2.8rem;"">Akhmed Umyarov</p>"
"Carlson's Eleven | Carlson School of Management",https://carlsonschool.umn.edu/news/carlsons-eleven,,"<p style=""font-size:3.0rem;"">Department of Marketing and Logistics Management</p>"
"Carlson's Eleven | Carlson School of Management",https://carlsonschool.umn.edu/news/carlsons-eleven,,"<p style=""font-size:2.8rem;"">Rachel Shacham</p>"
"Carlson's Eleven | Carlson School of Management",https://carlsonschool.umn.edu/news/carlsons-eleven,,"<p style=""font-size:3.0rem;"">Department of Operations and Management Science</p>"
"Carlson's Eleven | Carlson School of Management",https://carlsonschool.umn.edu/news/carlsons-eleven,,"<p style=""font-size:2.8rem;"">Mili Mehrotra</p>"
"Carlson's Eleven | Carlson School of Management",https://carlsonschool.umn.edu/news/carlsons-eleven,,"<p style=""font-size:2.8rem;"">Mary Benner</p>"
"Carlson's Eleven | Carlson School of Management",https://carlsonschool.umn.edu/news/carlsons-eleven,,"<p style=""font-size:2.8rem;"">Martin Ganco</p>"
"Carlson's Eleven | Carlson School of Management",https://carlsonschool.umn.edu/news/carlsons-eleven,,"<p style=""font-size:2.8rem;"">Richard Wang</p>"
"Carlson School Alumni Branch Out with Side Hustles",https://carlsonschool.umn.edu/news/carlson-school-alumni-branch-out-side-hustles,,"<p style=""font-size:2.8rem;"">What happens when the side hustle takes off?</p>"
"First-Hand Knowledge | Carlson School of Management",https://carlsonschool.umn.edu/news/first-hand-knowledge,,"<p style=""font-size:2.8rem;"">WIN-WIN&nbsp;FOR EVERYONE</p>"
"First-Hand Knowledge | Carlson School of Management",https://carlsonschool.umn.edu/news/first-hand-knowledge,,"<p style=""font-size:2.8rem;"">FROM CAKES&nbsp;TO GOLF COURSES</p>"
"Executive MBA Events | Carlson School",https://carlsonschool.umn.edu/graduate/mba/executive/events?block_config_key=5KwjrXA9v3XX42UZkaaVnFByc_TzzMaG79T7FzxqzEc&page=1,,"<p style=""font-family:'Open Sans', sans-serif;font-size:2em;"">Get a glimpse into a Carlson School EMBA class</p>"
"Van de Ven Conference Registration | Carlson School of",https://carlsonschool.umn.edu/conferences/van-de-ven-engaged-scholarship-conference/registration,,"<p style=""font-family:'Open Sans', sans-serif;font-size:2em;"">The Future of Work&nbsp;</p>"
"Ignite Home | Carlson School of Management",https://carlsonschool.umn.edu/conferences/ignite-conference,,"<p class=""text-align-center"" style=""font-family:'Open Sans', sans-serif;font-size:2em;"">Save the date</p>"
"2021 Graduates Named ‘Best and Brightest’ | Carlson School of",https://carlsonschool.umn.edu/news/2021-graduates-named-best-and-brightest,,"<p style=""font-size:2.8rem;"">Kevin Bubolz</p>"
"2021 Graduates Named ‘Best and Brightest’ | Carlson School of",https://carlsonschool.umn.edu/news/2021-graduates-named-best-and-brightest,,"<p style=""font-size:2.8rem;"">Samantha Clute</p>"
"2021 Graduates Named ‘Best and Brightest’ | Carlson School of",https://carlsonschool.umn.edu/news/2021-graduates-named-best-and-brightest,,"<p style=""font-size:2.8rem;"">Kayla Fixel</p>"
"2021 Graduates Named ‘Best and Brightest’ | Carlson School of",https://carlsonschool.umn.edu/news/2021-graduates-named-best-and-brightest,,"<p style=""font-size:2.8rem;"">Nate Taye</p>"
"Mairs & Power Establishes New Scholarship | Carlson School of",https://carlsonschool.umn.edu/news/mairs-power-establishes-new-scholarship,,"<p style=""font-family:'Open Sans', sans-serif;font-size:2em;"">&nbsp;</p>"
"3 People, 3 Questions: Fall 2024",https://carlsonschool.umn.edu/news/3-people-3-questions-fall-2024,,"<p style=""font-family:'Open Sans', sans-serif;font-size:1.5em;""><em>Senior Lecturer, Marketing</em></p>"
"3 People, 3 Questions: Fall 2024",https://carlsonschool.umn.edu/news/3-people-3-questions-fall-2024,,"<p style=""font-family:'Open Sans', sans-serif;font-size:1.5em;""><em>Junior in the Undergraduate Program</em></p>"
"4 People, 3 Questions: Spring 2024",https://carlsonschool.umn.edu/news/4-people-3-questions-spring-2024,,"<p style=""font-family:'Open Sans', sans-serif;font-size:1.5em;""><em>Senior Lecturer, Finance</em></p>"
"4 People, 3 Questions: Spring 2024",https://carlsonschool.umn.edu/news/4-people-3-questions-spring-2024,,"<p style=""font-family:'Open Sans', sans-serif;font-size:1.5em;""><em>Professor, Curtis L. Carlson Chair in Marketing</em></p>"
"4 People, 3 Questions: Spring 2024",https://carlsonschool.umn.edu/news/4-people-3-questions-spring-2024,,"<p style=""font-family:'Open Sans', sans-serif;font-size:1.5em;""><em>Associate Professor, Accounting</em></p>"
"4 People, 3 Questions: Spring 2024",https://carlsonschool.umn.edu/news/4-people-3-questions-spring-2024,,"<p style=""font-family:'Open Sans', sans-serif;font-size:1.5em;""><em>Associate Professor, Work &amp; Organizations</em></p>"
"Analytics U | Carlson School of Management",https://carlsonschool.umn.edu/experience/diversity-equity-inclusion/admissions-programming/analytics-u,,"<p style=""font-family:'Open Sans', sans-serif;font-size:2em;"">How to apply</p>"
"5 Things I’ve Learned: Jessica Phillips Perez | Carlson School of",https://carlsonschool.umn.edu/news/5-things-i%E2%80%99ve-learned-jessica-phillips-perez,,"<p style=""font-size:2.8rem;"">Bring your authentic self to work.</p>"
"5 Things I’ve Learned: Jessica Phillips Perez | Carlson School of",https://carlsonschool.umn.edu/news/5-things-i%E2%80%99ve-learned-jessica-phillips-perez,,"<p style=""font-size:2.8rem;"">Listen more, talk less.</p>"
"5 Things I’ve Learned: Jessica Phillips Perez | Carlson School of",https://carlsonschool.umn.edu/news/5-things-i%E2%80%99ve-learned-jessica-phillips-perez,,"<p style=""font-size:2.8rem;"">You learn more when you fail.</p>"
"5 Things I’ve Learned: Jessica Phillips Perez | Carlson School of",https://carlsonschool.umn.edu/news/5-things-i%E2%80%99ve-learned-jessica-phillips-perez,,"<p style=""font-size:2.8rem;"">It&rsquo;s not only OK to say no, but it&rsquo;s a must.</p>"
"5 Things I’ve Learned: Jessica Phillips Perez | Carlson School of",https://carlsonschool.umn.edu/news/5-things-i%E2%80%99ve-learned-jessica-phillips-perez,,"<p style=""font-size:2.8rem;"">The power of why.</p>"
"Carlson Reaching Out | Carlson School of Management",https://carlsonschool.umn.edu/news/carlson-reaching-out,,"<p style=""font-size:2.8rem;"">Students Today&nbsp;Leaders Forever</p>"
"Carlson Reaching Out | Carlson School of Management",https://carlsonschool.umn.edu/news/carlson-reaching-out,,"<p style=""font-size:2.8rem;"">Net&nbsp;Impact</p>"
"Carlson Reaching Out | Carlson School of Management",https://carlsonschool.umn.edu/news/carlson-reaching-out,,"<p style=""font-size:2.8rem;"">Graduate&nbsp;Volunteer Consultants</p>"
"Carlson Reaching Out | Carlson School of Management",https://carlsonschool.umn.edu/news/carlson-reaching-out,,"<p style=""font-size:2.8rem;"">Chance&nbsp;Neighborhood Partnerships</p>"
"Carlson Reaching Out | Carlson School of Management",https://carlsonschool.umn.edu/news/carlson-reaching-out,,"<p style=""font-size:2.8rem;"">Finding&nbsp;Common Ground</p>"
"Carlson Reaching Out | Carlson School of Management",https://carlsonschool.umn.edu/news/carlson-reaching-out,,"<p style=""font-size:2.8rem;"">Deluxe&nbsp;Entrepreneur Internship Program</p>"
"Carlson Reaching Out | Carlson School of Management",https://carlsonschool.umn.edu/news/carlson-reaching-out,,"<p style=""font-size:2.8rem;"">The Sustainability&nbsp;Initiative</p>"
"Contact Us - CHRLS | Carlson School of Management",https://carlsonschool.umn.edu/centers-institutes/center-human-resources-labor-studies/program-staff,,"<p style=""font-family:'Open Sans', sans-serif;font-size:2em;"">Center for Human Resources and Labor Studies</p>"
"Carlson THRIVE | Carlson School of Management",https://carlsonschool.umn.edu/experience/diversity-equity-inclusion/admissions-programming/thrive,,"<p style=""font-family:'Open Sans', sans-serif;font-size:2em;"">Thanks to U.S. Bank for sponsoring.</p>"
"Launch MN Education Partner | Carlson School of Management",https://carlsonschool.umn.edu/launch-mn-education,,"<p style=""font-family:'Open Sans', sans-serif;font-size:2em;"">Statewide Programming Partners</p>"
"Nick Pilger Gives Back Through Dedicated Service | Carlson School",https://carlsonschool.umn.edu/news/nick-pilger-gives-back-through-dedicated-service,,"<p style=""font-family:'Open Sans', sans-serif;font-size:2em;"">&nbsp;</p>"
"3 People, 3 Questions: Spring 2025",https://carlsonschool.umn.edu/news/3-people-3-questions-spring-2025,,"<p style=""font-family:'Open Sans', sans-serif;font-size:1.5em;""><em>Assistant Professor of Finance</em></p>"
"3 People, 3 Questions: Spring 2025",https://carlsonschool.umn.edu/news/3-people-3-questions-spring-2025,,"<p style=""font-family:'Open Sans', sans-serif;font-size:1.5em;""><em>Senior Career Coach (Undergraduate)</em></p>"
"Creating A Sustainable Future Together | Carlson School of",https://carlsonschool.umn.edu/news/creating-sustainable-future-together,,"<p style=""font-size:2.8rem;"">Ecolab and the Carlson School, By the Numbers</p>"
"Education Abroad Graduate Advising | Carlson School of",https://carlsonschool.umn.edu/centers-institutes/carlson-global-institute/education-abroad/graduate/advising,,"<p style=""font-family:'Open Sans', sans-serif;font-size:2em;"">Location and Hours</p>"
"Education Abroad Graduate Advising | Carlson School of",https://carlsonschool.umn.edu/centers-institutes/carlson-global-institute/education-abroad/graduate/advising,,"<p style=""font-family:'Open Sans', sans-serif;font-size:2em;"">Carlson Global Institute</p>"
"3 People, 3 Questions: Alumni Magazine Spring 2017 | Carlson",https://carlsonschool.umn.edu/news/3-people-3-questions-alumni-magazine-spring-2017,,"<p style=""font-size:2.8rem;"">Jeremy Hemsworth -&nbsp;MBA Class of 2017</p>"
"3 People, 3 Questions: Alumni Magazine Spring 2017 | Carlson",https://carlsonschool.umn.edu/news/3-people-3-questions-alumni-magazine-spring-2017,,"<p style=""font-size:2.8rem;"">Roshni Muralidharan - &rsquo;13 BSB</p>"
"3 People, 3 Questions: Alumni Magazine Spring 2017 | Carlson",https://carlsonschool.umn.edu/news/3-people-3-questions-alumni-magazine-spring-2017,,"<p style=""font-size:2.8rem;"">Tony Haitao&nbsp;Cui - &nbsp;Associate Professor</p>"
"MSF Specializations | Carlson School",https://carlsonschool.umn.edu/graduate/masters/finance/curriculum/specializations,,"<p style=""font-family:'Open Sans', sans-serif;font-size:2em;"">Choose from 4 tracks</p>"
"Marketing Tuition & Aid | Carlson School",https://carlsonschool.umn.edu/graduate/masters/marketing/tuition-aid,,"<p style=""font-family:'Open Sans', sans-serif;font-size:2em;"">Master of Marketing program (32 credits):</p>"
"The MN Cup Advantage | Carlson School of Management",https://carlsonschool.umn.edu/news/mn-cup-advantage,,"<p style=""font-size:2.8rem;"">LEE JONES, '95 MEP COMPETED IN 2011</p>"
"The MN Cup Advantage | Carlson School of Management",https://carlsonschool.umn.edu/news/mn-cup-advantage,,"<p style=""font-size:2.8rem;"">PING YEH, '05 MBA, COMPETED IN 2016</p>"
"Assistant Professor Gaoqing Zhang Reveals Pressure to Manipulate",https://carlsonschool.umn.edu/news/pressure-to-manipulate-financial-reports,,"<p style=""font-size:2.8rem;"">Stronger internal controls could benefit industry</p>"
"Assistant Professor Gaoqing Zhang Reveals Pressure to Manipulate",https://carlsonschool.umn.edu/news/pressure-to-manipulate-financial-reports,,"<p style=""font-size:2.8rem;"">The power of peer pressure</p>"
"Global Matters Speaker Series | Carlson School of Management",https://carlsonschool.umn.edu/centers-institutes/carlson-global-institute/global-matters/speaker-series,,"<p style=""font-family:'Open Sans', sans-serif;font-size:2em;""><strong>The Economics of Trade Wars: 25 Years of NAFTA</strong></p>"
"Carlson School of Management | University of Minnesota",https://carlsonschool.umn.edu/,,"<p class=""mb-4 h3""><em>May. 14</em></p>"
"Carlson School of Management | University of Minnesota",https://carlsonschool.umn.edu/,,"<p class=""front-statistics__item__number mb-6"">#18</p>"
"Carlson School of Management | University of Minnesota",https://carlsonschool.umn.edu/,,"<p class=""front-statistics__item__number mb-6"">#5</p>"
"Carlson School of Management | University of Minnesota",https://carlsonschool.umn.edu/,,"<p class=""front-statistics__item__number mb-6"">91%</p>"
"Carlson School of Management | University of Minnesota",https://carlsonschool.umn.edu/,,"<p class=""front-statistics__item__number mb-6"">#10</p>"
"Carlson School of Management | University of Minnesota",https://carlsonschool.umn.edu/,,"<p class=""front-statistics__item__number mb-6"">#2</p>"
"Carlson School of Management | University of Minnesota",https://carlsonschool.umn.edu/,,"<p class=""front-statistics__item__number mb-6"">#4</p>"
"Carlson School of Management | University of Minnesota",https://carlsonschool.umn.edu/,,"<p class=""front-statistics__item__number mb-6"">#18</p>"
"Carlson School of Management | University of Minnesota",https://carlsonschool.umn.edu/,,"<p class=""front-statistics__item__number mb-6"">#5</p>"
"Carlson School of Management | University of Minnesota",https://carlsonschool.umn.edu/,,"<p class=""front-statistics__item__number mb-6"">91%</p>"
"Carlson School of Management | University of Minnesota",https://carlsonschool.umn.edu/,,"<p class=""front-statistics__item__number mb-6"">#10</p>"
"Carlson School of Management | University of Minnesota",https://carlsonschool.umn.edu/,,"<p class=""front-statistics__item__number mb-6"">#2</p>"
"Carlson School of Management | University of Minnesota",https://carlsonschool.umn.edu/,,"<p class=""front-statistics__item__number mb-6"">#4</p>"
"Carlson School of Management | University of Minnesota",https://carlsonschool.umn.edu/,,"<p class=""front-statistics__item__number mb-6"">#18</p>"
"Carlson School of Management | University of Minnesota",https://carlsonschool.umn.edu/,,"<p class=""front-statistics__item__number mb-6"">#5</p>"
"Carlson School of Management | University of Minnesota",https://carlsonschool.umn.edu/,,"<p class=""front-statistics__item__number mb-6"">91%</p>"
"Carlson School of Management | University of Minnesota",https://carlsonschool.umn.edu/,,"<p class=""front__advantage__subheading text-uppercase mb-2 font-weight-semi-bold"">Reputation and rankings</p>"
"Carlson School of Management | University of Minnesota",https://carlsonschool.umn.edu/,,"<p class=""front__advantage__subheading text-uppercase mb-2 font-weight-semi-bold"">Join a vibrant business community</p>"
"Executive MBA Events | Carlson School",https://carlsonschool.umn.edu/graduate/mba/executive/events,,"<p style=""font-family:'Open Sans', sans-serif;font-size:2em;"">Get a glimpse into a Carlson School EMBA class</p>"
"Executive MBA Events | Carlson School",https://carlsonschool.umn.edu/graduate/mba/executive/events?page=4,,"<p style=""font-family:'Open Sans', sans-serif;font-size:2em;"">Get a glimpse into a Carlson School EMBA class</p>"
"Entrepreneurship Through Acquisition Conference Schedule",https://carlsonschool.umn.edu/conferences/entrepreneurship-through-acquisition/schedule,,"<p style=""font-family:'Open Sans', sans-serif;font-size:2em;"">Conference Check-in Opens</p>"
"Entrepreneurship Through Acquisition Conference Schedule",https://carlsonschool.umn.edu/conferences/entrepreneurship-through-acquisition/schedule,,"<p style=""font-family:'Open Sans', sans-serif;font-size:2em;"">Student Forum</p>"
"Entrepreneurship Through Acquisition Conference Schedule",https://carlsonschool.umn.edu/conferences/entrepreneurship-through-acquisition/schedule,,"<p style=""font-family:'Open Sans', sans-serif;font-size:2em;"">Welcome and Keynote Speaker&nbsp;</p>"
"Entrepreneurship Through Acquisition Conference Schedule",https://carlsonschool.umn.edu/conferences/entrepreneurship-through-acquisition/schedule,,"<p style=""font-family:'Open Sans', sans-serif;font-size:2em;"">Brian Slipka '00 BSB</p>"
"Entrepreneurship Through Acquisition Conference Schedule",https://carlsonschool.umn.edu/conferences/entrepreneurship-through-acquisition/schedule,,"<p style=""font-family:'Open Sans', sans-serif;font-size:2em;"">Breakout Session I</p>"
"Entrepreneurship Through Acquisition Conference Schedule",https://carlsonschool.umn.edu/conferences/entrepreneurship-through-acquisition/schedule,,"<p style=""font-family:'Open Sans', sans-serif;font-size:2em;"">Breakout Session II</p>"
"Entrepreneurship Through Acquisition Conference Schedule",https://carlsonschool.umn.edu/conferences/entrepreneurship-through-acquisition/schedule,,"<p style=""font-family:'Open Sans', sans-serif;font-size:2em;"">Lunch and Networking</p>"
"Entrepreneurship Through Acquisition Conference Schedule",https://carlsonschool.umn.edu/conferences/entrepreneurship-through-acquisition/schedule,,"<p style=""font-family:'Open Sans', sans-serif;font-size:2em;"">Breakout Session III</p>"
"Entrepreneurship Through Acquisition Conference Schedule",https://carlsonschool.umn.edu/conferences/entrepreneurship-through-acquisition/schedule,,"<p style=""font-family:'Open Sans', sans-serif;font-size:2em;"">Networking Reception</p>"
"Senior Lecturer Matt Ladhoff Bikes 2,500-Mile Trek",https://carlsonschool.umn.edu/news/senior-lecturer-matt-ladhoff-bikes-2500-mile-trek,,"<p style=""font-family:'Open Sans', sans-serif;font-size:2em;"">&nbsp;</p>"
"Faculty in 5: Yuqing Ren | Carlson School of Management",https://carlsonschool.umn.edu/news/faculty-in-5-yuqing-ren,,"<p style=""font-size:2.8rem;"">Q: What is your favorite class to teach?</p>"
"Anant Mishra: How a pandemic affects vaccine supply and demand",https://carlsonschool.umn.edu/news/anant-mishra-how-pandemic-affects-vaccine-supply-and-demand,,"<p style=""font-size:2.8rem;"">Influenza in India</p>"
"Anant Mishra: How a pandemic affects vaccine supply and demand",https://carlsonschool.umn.edu/news/anant-mishra-how-pandemic-affects-vaccine-supply-and-demand,,"<p style=""font-size:2.8rem;"">Preparing for the future</p>"
"Business Analytics Employment Statistics | Carlson School",https://carlsonschool.umn.edu/graduate/masters/business-analytics/careers/employment-statistics,,"<p style=""font-family:'Open Sans', sans-serif;font-size:2em;"">Top job titles include:</p>"
"Business Analytics Employment Statistics | Carlson School",https://carlsonschool.umn.edu/graduate/masters/business-analytics/careers/employment-statistics,,"<p style=""font-family:'Open Sans', sans-serif;font-size:2em;"">Amazon</p>"
"Business Analytics Employment Statistics | Carlson School",https://carlsonschool.umn.edu/graduate/masters/business-analytics/careers/employment-statistics,,"<p style=""font-family:'Open Sans', sans-serif;font-size:2em;"">The Home Depot</p>"
"5 Things I've Learned : Craig Schmidt | Carlson School of",https://carlsonschool.umn.edu/news/5-things-ive-learned-craig-schmidt,,"<p style=""font-size:2.8rem;"">1. Practice Extreme Ownership</p>"
"5 Things I've Learned : Craig Schmidt | Carlson School of",https://carlsonschool.umn.edu/news/5-things-ive-learned-craig-schmidt,,"<p style=""font-size:2.8rem;"">2. Recruit, Promote, Repeat!</p>"
"5 Things I've Learned : Craig Schmidt | Carlson School of",https://carlsonschool.umn.edu/news/5-things-ive-learned-craig-schmidt,,"<p style=""font-size:2.8rem;"">3. Train Your Lion Mind</p>"
"5 Things I've Learned : Craig Schmidt | Carlson School of",https://carlsonschool.umn.edu/news/5-things-ive-learned-craig-schmidt,,"<p style=""font-size:2.8rem;"">5. Attitude Is Everything</p>"
"New Books by Carlson School Faculty Member | Carlson School of",https://carlsonschool.umn.edu/news/new-books-fall-2013,,"<p style=""font-size:2.8rem;"">The Rational Animal</p>"
"New Books by Carlson School Faculty Member | Carlson School of",https://carlsonschool.umn.edu/news/new-books-fall-2013,,"<p style=""font-size:2.8rem;"">When: The Art of Perfect Timing</p>"
"Work & Organizations Seminar Series",https://carlsonschool.umn.edu/departments/work-organizations/seminar-series,,"<p style=""font-family:'Open Sans', sans-serif;font-size:2em;"">2024-2025 Academic Year</p>"
"Faculty in 5: Le (Betty) Zhou | Carlson School of Management",https://carlsonschool.umn.edu/news/faculty-in-5-le-betty-zhou,,"<p style=""font-size:2.8rem;"">Q: What is your favorite class to teach?</p>"
"New Strategic Plan Aims Carlson School Higher | Carlson School of",https://carlsonschool.umn.edu/news/new-strategic-plan-aims-carlson-school-higher,,"<p style=""font-family:'Open Sans', sans-serif;font-size:2em;"">New strategic plan aims Carlson School higher</p>"
"Executive MBA Events | Carlson School",https://carlsonschool.umn.edu/graduate/mba/executive/events?page=0,,"<p style=""font-family:'Open Sans', sans-serif;font-size:2em;"">Get a glimpse into a Carlson School EMBA class</p>"
"GMAT vs. GRE: What’s the Difference and Which Should I Take?",https://carlsonschool.umn.edu/graduate/resources/gmat-vs-gre,,"<p style=""font-family:'Open Sans', sans-serif;font-size:1.5em;""><strong>Updated on 4/12/2023</strong></p>"
"Supply Chain & Operations Graduate Programs | Carlson School",https://carlsonschool.umn.edu/departments/supply-chain-operations/graduate-programs,,"<p style=""font-family:'Open Sans', sans-serif;font-size:2em;"">Master's Degree</p>"
"Ignite Program & Speakers | Carlson School of Management",https://carlsonschool.umn.edu/conferences/ignite-conference/speakers,,"<p class=""text-align-center"" style=""font-family:'Open Sans', sans-serif;font-size:2em;"">Ignite 2025 program &amp; speakers coming soon.<br></br>&nbsp;..."
"Executive MBA Events | Carlson School",https://carlsonschool.umn.edu/graduate/mba/executive/events?page=6,,"<p style=""font-family:'Open Sans', sans-serif;font-size:2em;"">Get a glimpse into a Carlson School EMBA class</p>"
"Seminars | Carlson School of Management",https://carlsonschool.umn.edu/launch-mn-education/seminars,,"<p style=""font-family:'Open Sans', sans-serif;font-size:2em;""><em>Coming Soon 2024</em></p>"
"Deluxe E-ternship Program - Entrepreneurs | Carlson School of",https://carlsonschool.umn.edu/faculty-research/gary-s-holmes-center-entrepreneurship/entrepreneurs/deluxe-e-ternship-program,,"<p style=""font-family:'Open Sans', sans-serif;font-size:2em;""><strong>Questions</strong></p>"
"PhD in Supply Chain Operations | Carlson School",https://carlsonschool.umn.edu/graduate/phd/concentrations/supply-chain-operations,,"<p style=""font-family:'Open Sans', sans-serif;font-size:1.6em;"">Field-leading Research</p>"
"PhD in Supply Chain Operations | Carlson School",https://carlsonschool.umn.edu/graduate/phd/concentrations/supply-chain-operations,,"<p style=""font-family:'Open Sans', sans-serif;font-size:1.6em;"">Top-Ranked</p>"
"Work and Organizations faculty win research awards",https://carlsonschool.umn.edu/news/work-and-organizations-faculty-win-research-awards,,"<p style=""font-size:2.4rem;"">Elizabeth Campbell</p>"
"Work and Organizations faculty win research awards",https://carlsonschool.umn.edu/news/work-and-organizations-faculty-win-research-awards,,"<p style=""font-size:2.4rem;"">Pri Shah&nbsp;</p>"
"Work and Organizations faculty win research awards",https://carlsonschool.umn.edu/news/work-and-organizations-faculty-win-research-awards,,"<p style=""font-size:2.4rem;"">Connie Wanberg</p>"
"Work and Organizations faculty win research awards",https://carlsonschool.umn.edu/news/work-and-organizations-faculty-win-research-awards,,"<p style=""font-size:2.4rem;"">Mary Zellmer-Bruhn</p>"
"PhD Current Students Graduate Placements | Carlson School",https://carlsonschool.umn.edu/graduate/phd/current-students/graduate-placements,,"<p style=""font-family:'Open Sans', sans-serif;font-size:2em;"">2025 Graduate Placements</p>"
"Class of 2022 Success Post Pandemic Obstacles",https://carlsonschool.umn.edu/news/class-2022-finds-success-despite-pandemic-obstacles,,"<p style=""font-size:2.8rem;""><em>Management Information Systems; Marketing</em></p>"
"Class of 2022 Success Post Pandemic Obstacles",https://carlsonschool.umn.edu/news/class-2022-finds-success-despite-pandemic-obstacles,,"<p style=""font-size:2.8rem;""><em>Part-Time MBA</em></p>"
"Class of 2022 Success Post Pandemic Obstacles",https://carlsonschool.umn.edu/news/class-2022-finds-success-despite-pandemic-obstacles,,"<p style=""font-size:2.8rem;""><em>Carlson Executive MBA&mdash;China Program</em></p>"
"Class of 2022 Success Post Pandemic Obstacles",https://carlsonschool.umn.edu/news/class-2022-finds-success-despite-pandemic-obstacles,,"<p style=""font-size:2.8rem;""><em>Full-Time MBA</em></p>"
"Class of 2022 Success Post Pandemic Obstacles",https://carlsonschool.umn.edu/news/class-2022-finds-success-despite-pandemic-obstacles,,"<p style=""font-size:2.8rem;""><em>Accounting</em></p>"
"Class of 2022 Success Post Pandemic Obstacles",https://carlsonschool.umn.edu/news/class-2022-finds-success-despite-pandemic-obstacles,,"<p style=""font-size:2.8rem;""><em>Management Information Systems</em></p>"
"Executive MBA Events | Carlson School",https://carlsonschool.umn.edu/graduate/mba/executive/events?page=5,,"<p style=""font-family:'Open Sans', sans-serif;font-size:2em;"">Get a glimpse into a Carlson School EMBA class</p>"
"Fall 2019 Three People, Three Questions",https://carlsonschool.umn.edu/news/3-people-3-questions-fall2019,,"<p style=""font-size:2.8rem;"">'12 BSB, Co-founder, WOODCHUCK USA</p>"
"Fall 2019 Three People, Three Questions",https://carlsonschool.umn.edu/news/3-people-3-questions-fall2019,,"<p style=""font-size:2.8rem;"">'19 MBA, Senior Director, Cargill</p>"
"Fall 2019 Three People, Three Questions",https://carlsonschool.umn.edu/news/3-people-3-questions-fall2019,,"<p style=""font-size:2.8rem;"">Assistant Professor, Accounting</p>"
"Master of Accountancy Early Admission | Carlson School",https://carlsonschool.umn.edu/graduate/masters/accountancy/admissions/early-admission,,"<p style=""font-family:'Open Sans', sans-serif;font-size:2em;"">July 1, 2025</p>"
"Faculty in 5: Michael Iselin | Carlson School of Management",https://carlsonschool.umn.edu/news/faculty-in-5-michael-iselin,,"<p style=""font-size:2.8rem;"">Q: What is your favorite class to teach?</p>"
"New Guiding Principles Help Undergraduates and Staff Transform",https://carlsonschool.umn.edu/news/guiding-principles-help-undergraduates-transform-values-into-action,,"<p style=""font-family:'Open Sans', sans-serif;font-size:2em;""><em>Our teamwork and inclusivity increase our impact&nbsp;</em></p>"
"Faculty in 5: Alfred Marcus | Carlson School of Management",https://carlsonschool.umn.edu/news/faculty-in-5-alfred-marcus,,"<p style=""font-size:2.8rem;"">Q: What is your favorite class to teach?</p>"
"MS Business Analytics Experiential Learning | Carlson School",https://carlsonschool.umn.edu/graduate/masters/business-analytics/curriculum/experiential-learning,,"<p class=""text-align-center"" style=""font-family:'Open Sans', sans-serif;font-size:2em;"">Need talent for an analytics project?</p>"
"Competition Divisions | Carlson School of Management",https://carlsonschool.umn.edu/mn-cup/current-season/divisions,,"<p style=""font-family:'Open Sans', sans-serif;font-size:2em;"">MN Cup is Organized by Divisions.&nbsp;</p>"
"3 People, 3 Questions: Fall 2023 | Carlson School",https://carlsonschool.umn.edu/news/3-people-3-questions-fall-2023,,"<p style=""font-family:'Open Sans', sans-serif;font-size:1.5em;""><em>Current MHRIR student</em></p>"
"3 People, 3 Questions: Fall 2023 | Carlson School",https://carlsonschool.umn.edu/news/3-people-3-questions-fall-2023,,"<p style=""font-family:'Open Sans', sans-serif;font-size:1.5em;""><em>'23 BSB</em></p>"
"3 People, 3 Questions: Fall 2023 | Carlson School",https://carlsonschool.umn.edu/news/3-people-3-questions-fall-2023,,"<p style=""font-family:'Open Sans', sans-serif;font-size:1.5em;""><em>Lecturer, Strategic Management &amp; Entrepreneurship</em></p>"
"Apply | Carlson School of Management",https://carlsonschool.umn.edu/mn-cup/current-season/apply,,"<p class=""text-align-center"" style=""font-family:'Open Sans', sans-serif;font-size:2em;"">Applications Open March 10 - April 11</p>"
"Fall 2017: 3 People 3 Questions",https://carlsonschool.umn.edu/news/3-people-3-questions-3,,"<p style=""font-size:2.8rem;"">Khalid Hammami, '18 BSB</p>"
"3 People, 3 Questions: Spring 2023 Carlson School",https://carlsonschool.umn.edu/news/3-people-3-questions-spring-2023,,"<p style=""font-family:'Open Sans', sans-serif;font-size:1.5em;""><em>'24 BSB</em></p>"
"3 People, 3 Questions: Spring 2023 Carlson School",https://carlsonschool.umn.edu/news/3-people-3-questions-spring-2023,,"<p style=""font-family:'Open Sans', sans-serif;font-size:1.5em;""><em>'22 MKTG, Channel Marketing Associate, Cambria</em></p>"
"Faculty in 5: Carlos Torelli | Carlson School of Management",https://carlsonschool.umn.edu/news/faculty-in-5-carlos-torelli,,"<p style=""font-size:2.8rem;"">Q: What is your favorite class to teach?</p>"
"PhD Newsletter | Carlson School",https://carlsonschool.umn.edu/graduate/phd/newsletter,,"<p class=""text-align-center"" style=""font-family:'Open Sans', sans-serif;font-size:2em;"">Like to request an edit? Or addition?&nbsp;</p>"
"Scholarships Power a Force for Good: Spring 2025",https://carlsonschool.umn.edu/news/scholarships-power-force-good-spring-2025,,"<p style=""font-family:'Open Sans', sans-serif;font-size:2em;"">&nbsp;</p>"
"MILI Valuation Lab: Carlson School Lab Influences Med Tech",https://carlsonschool.umn.edu/news/mili-valuation-lab-carlson-school-lab-influences-med-tech,,"<p>I went all in on the MILI Valuation Lab.&nbsp;</p>"
"5 Things I've Learned: Terry Collier | Carlson School of",https://carlsonschool.umn.edu/news/5-things-terry-collier,,"<p style=""font-size:2.8rem;"">1. Be honest with yourself and others.</p>"
"5 Things I've Learned: Terry Collier | Carlson School of",https://carlsonschool.umn.edu/news/5-things-terry-collier,,"<p style=""font-size:2.8rem;"">2. Be curious about the world around you.</p>"
"5 Things I've Learned: Terry Collier | Carlson School of",https://carlsonschool.umn.edu/news/5-things-terry-collier,,"<p style=""font-size:2.8rem;"">3. Don&rsquo;t forget to have fun.</p>"
"5 Things I've Learned: Terry Collier | Carlson School of",https://carlsonschool.umn.edu/news/5-things-terry-collier,,"<p style=""font-size:2.8rem;"">5. Improvise.</p>"
"Joint Ventures | Carlson School of Management",https://carlsonschool.umn.edu/news/joint-ventures,,"<p style=""font-size:2.8rem;"">Language, Advertising, and Negative Information</p>"
"Joint Ventures | Carlson School of Management",https://carlsonschool.umn.edu/news/joint-ventures,,"<p style=""font-size:2.8rem;"">Information and Decision Sciences&nbsp;Online Auctions</p>"
"Joint Ventures | Carlson School of Management",https://carlsonschool.umn.edu/news/joint-ventures,,"<p style=""font-size:2.8rem;"">Setting the Stage&nbsp;for Great Research</p>"
"Entrepreneurship Through Acquisition Conference Registration",https://carlsonschool.umn.edu/conferences/entrepreneurship-through-acquisition/registration,,"<p class=""text-align-center"" style=""font-family:'Open Sans', sans-serif;font-size:2em;"">Community Member<br></br>$35</p>"
"Entrepreneurship Through Acquisition Conference Registration",https://carlsonschool.umn.edu/conferences/entrepreneurship-through-acquisition/registration,,"<p class=""text-align-center"" style=""font-family:'Open Sans', sans-serif;font-size:2em;"">University of Minnesota Alumni<br></br>$25</p>"
"Entrepreneurship Through Acquisition Conference Registration",https://carlsonschool.umn.edu/conferences/entrepreneurship-through-acquisition/registration,,"<p class=""text-align-center"" style=""font-family:'Open Sans', sans-serif;font-size:2em;"">Carlson School Student<br></br>Free</p>"
"Faculty Stars | Carlson School of Management",https://carlsonschool.umn.edu/news/faculty-stars,,"<p style=""font-size:2.8rem;"">Rajesh Aggarwal</p>"
"Faculty Stars | Carlson School of Management",https://carlsonschool.umn.edu/news/faculty-stars,,"<p style=""font-size:2.8rem;"">Mark Bergen</p>"
"Faculty Stars | Carlson School of Management",https://carlsonschool.umn.edu/news/faculty-stars,,"<p style=""font-size:2.8rem;"">Svjetlana Madzar</p>"
"Faculty Stars | Carlson School of Management",https://carlsonschool.umn.edu/news/faculty-stars,,"<p style=""font-size:2.8rem;"">Aks Zaheer</p>"
"Faculty Stars | Carlson School of Management",https://carlsonschool.umn.edu/news/faculty-stars,,"<p style=""font-size:2.8rem;"">Jim Gahlon</p>"
"Faculty Stars | Carlson School of Management",https://carlsonschool.umn.edu/news/faculty-stars,,"<p style=""font-size:2.8rem;"">Mary Zellmer-Bruhn</p>"
"Faculty Stars | Carlson School of Management",https://carlsonschool.umn.edu/news/faculty-stars,,"<p style=""font-size:2.8rem;"">John Molloy</p>"
"Faculty Stars | Carlson School of Management",https://carlsonschool.umn.edu/news/faculty-stars,,"<p style=""font-size:2.8rem;"">John Budd</p>"
"How Alum John Stavig Transformed the Holmes Center",https://carlsonschool.umn.edu/news/how-alum-john-stavig-transformed-holmes-center,,"<p style=""font-family:'Open Sans', sans-serif;font-size:2em;"">John Stavig wasn&rsquo;t looking for work.</p>"
"Executive MBA Events | Carlson School",https://carlsonschool.umn.edu/graduate/mba/executive/events?page=3,,"<p style=""font-family:'Open Sans', sans-serif;font-size:2em;"">Get a glimpse into a Carlson School EMBA class</p>"
"Business Advancement Center for Health Signature Events | Carlson",https://carlsonschool.umn.edu/centers-institutes/business-advancement-center-health/events,,"<p class=""text-align-center"" style=""font-family:'Open Sans', sans-serif;font-size:2em;"">7th Annual Convene Conference: April 9, 2025</p>"
"The Carlson School's Commitment to Entrepreneurship | Carlson",https://carlsonschool.umn.edu/news/commitment-to-entrepreneurship,,"<p style=""font-size:2.8rem;"">Supporting the Center</p>"
"Scholarships Power a Force for Good: Fall 2024",https://carlsonschool.umn.edu/news/scholarships-power-force-good-fall-2024,,"<p style=""font-family:'Open Sans', sans-serif;font-size:2em;"">&nbsp;</p>"
"How the Carlson School Serves Military Veterans",https://carlsonschool.umn.edu/news/how-carlson-school-serves-military-veterans,,"<p style=""font-size:2.8rem;"">Why? It talks the talk.</p>"
"Alumni Subscribe to Magazine | Carlson School of Management",https://carlsonschool.umn.edu/alumni/career-resources/subscribe,,"<p style=""font-family:'Open Sans', sans-serif;font-size:2em;"">SUBSCRIBE TO THE CARLSON SCHOOL MAGAZINE</p>"
"PhD in Information Decision Sciences | Carlson School",https://carlsonschool.umn.edu/graduate/phd/concentrations/information-decision-sciences,,"<p style=""font-family:'Open Sans', sans-serif;font-size:1.6em;"">Field-Leading Research</p>"
"PhD in Information Decision Sciences | Carlson School",https://carlsonschool.umn.edu/graduate/phd/concentrations/information-decision-sciences,,"<p style=""font-family:'Open Sans', sans-serif;font-size:1.6em;"">Graduate Placement Success</p>"
"Executive MBA Events | Carlson School",https://carlsonschool.umn.edu/graduate/mba/executive/events?page=1,,"<p style=""font-family:'Open Sans', sans-serif;font-size:2em;"">Get a glimpse into a Carlson School EMBA class</p>"
"5 Things I've Learned: Lizzy Shay | Carlson School of Management",https://carlsonschool.umn.edu/news/5-things-lizzy-shay,,"<p style=""font-size:2.8rem;"">1. Own your education.</p>"
"5 Things I've Learned: Lizzy Shay | Carlson School of Management",https://carlsonschool.umn.edu/news/5-things-lizzy-shay,,"<p style=""font-size:2.8rem;"">2. Be genuine.</p>"
"5 Things I've Learned: Lizzy Shay | Carlson School of Management",https://carlsonschool.umn.edu/news/5-things-lizzy-shay,,"<p style=""font-size:2.8rem;"">3. Say thank you.</p>"
"5 Things I've Learned: Lizzy Shay | Carlson School of Management",https://carlsonschool.umn.edu/news/5-things-lizzy-shay,,"<p style=""font-size:2.8rem;"">4. Show up.</p>"
"5 Things I've Learned: Lizzy Shay | Carlson School of Management",https://carlsonschool.umn.edu/news/5-things-lizzy-shay,,"<p style=""font-size:2.8rem;"">5. Believe in what you do.</p>"
"Passionate Innovator | Carlson School of Management",https://carlsonschool.umn.edu/news/passionate-innovator,,"<p style=""font-size:2.8rem;"">What&rsquo;s the most interesting part of your job?</p>"
"Passionate Innovator | Carlson School of Management",https://carlsonschool.umn.edu/news/passionate-innovator,,"<p style=""font-size:2.8rem;"">How did you get involved with the Carlson School?</p>"
